economy,year,income_4level
abw,1987,hic
abw,1988,hic
abw,1989,hic
abw,1990,hic
abw,1991,umc
abw,1992,umc
abw,1993,umc
abw,1994,hic
abw,1995,hic
abw,1996,hic
abw,1997,hic
abw,1998,hic
abw,1999,hic
abw,2000,hic
abw,2001,hic
abw,2002,hic
abw,2003,hic
abw,2004,hic
abw,2005,hic
abw,2006,hic
abw,2007,hic
abw,2008,hic
abw,2009,hic
abw,2010,hic
abw,2011,hic
abw,2012,hic
abw,2013,hic
abw,2014,hic
abw,2015,hic
abw,2016,hic
abw,2017,hic
abw,2018,hic
abw,2019,hic
afg,1987,lic
afg,1988,lic
afg,1989,lic
afg,1990,lic
afg,1991,lic
afg,1992,lic
afg,1993,lic
afg,1994,lic
afg,1995,lic
afg,1996,lic
afg,1997,lic
afg,1998,lic
afg,1999,lic
afg,2000,lic
afg,2001,lic
afg,2002,lic
afg,2003,lic
afg,2004,lic
afg,2005,lic
afg,2006,lic
afg,2007,lic
afg,2008,lic
afg,2009,lic
afg,2010,lic
afg,2011,lic
afg,2012,lic
afg,2013,lic
afg,2014,lic
afg,2015,lic
afg,2016,lic
afg,2017,lic
afg,2018,lic
afg,2019,lic
ago,1987,lmc
ago,1988,lmc
ago,1989,lmc
ago,1990,lmc
ago,1991,lmc
ago,1992,lmc
ago,1993,lmc
ago,1994,lmc
ago,1995,lic
ago,1996,lic
ago,1997,lic
ago,1998,lic
ago,1999,lic
ago,2000,lic
ago,2001,lic
ago,2002,lic
ago,2003,lic
ago,2004,lmc
ago,2005,lmc
ago,2006,lmc
ago,2007,lmc
ago,2008,lmc
ago,2009,lmc
ago,2010,lmc
ago,2011,umc
ago,2012,umc
ago,2013,umc
ago,2014,umc
ago,2015,umc
ago,2016,lmc
ago,2017,lmc
ago,2018,lmc
ago,2019,lmc
alb,1987,lmc
alb,1988,lmc
alb,1989,lmc
alb,1990,lmc
alb,1991,lmc
alb,1992,lmc
alb,1993,lic
alb,1994,lic
alb,1995,lic
alb,1996,lmc
alb,1997,lic
alb,1998,lmc
alb,1999,lmc
alb,2000,lmc
alb,2001,lmc
alb,2002,lmc
alb,2003,lmc
alb,2004,lmc
alb,2005,lmc
alb,2006,lmc
alb,2007,lmc
alb,2008,lmc
alb,2009,umc
alb,2010,umc
alb,2011,lmc
alb,2012,umc
alb,2013,umc
alb,2014,umc
alb,2015,umc
alb,2016,umc
alb,2017,umc
alb,2018,umc
alb,2019,umc
and,1987,hic
and,1988,hic
and,1989,hic
and,1990,hic
and,1991,hic
and,1992,hic
and,1993,hic
and,1994,hic
and,1995,hic
and,1996,hic
and,1997,hic
and,1998,hic
and,1999,hic
and,2000,hic
and,2001,hic
and,2002,hic
and,2003,hic
and,2004,hic
and,2005,hic
and,2006,hic
and,2007,hic
and,2008,hic
and,2009,hic
and,2010,hic
and,2011,hic
and,2012,hic
and,2013,hic
and,2014,hic
and,2015,hic
and,2016,hic
and,2017,hic
and,2018,hic
and,2019,hic
ant,1987,umc
ant,1988,umc
ant,1989,umc
ant,1990,umc
ant,1991,umc
ant,1992,umc
ant,1993,umc
ant,1994,hic
ant,1995,hic
ant,1996,hic
ant,1997,hic
ant,1998,hic
ant,1999,hic
ant,2000,hic
ant,2001,hic
ant,2002,hic
ant,2003,hic
ant,2004,hic
ant,2005,hic
ant,2006,hic
ant,2007,hic
ant,2008,hic
ant,2009,hic
are,1987,hic
are,1988,hic
are,1989,hic
are,1990,hic
are,1991,hic
are,1992,hic
are,1993,hic
are,1994,hic
are,1995,hic
are,1996,hic
are,1997,hic
are,1998,hic
are,1999,hic
are,2000,hic
are,2001,hic
are,2002,hic
are,2003,hic
are,2004,hic
are,2005,hic
are,2006,hic
are,2007,hic
are,2008,hic
are,2009,hic
are,2010,hic
are,2011,hic
are,2012,hic
are,2013,hic
are,2014,hic
are,2015,hic
are,2016,hic
are,2017,hic
are,2018,hic
are,2019,hic
arg,1987,umc
arg,1988,umc
arg,1989,lmc
arg,1990,lmc
arg,1991,umc
arg,1992,umc
arg,1993,umc
arg,1994,umc
arg,1995,umc
arg,1996,umc
arg,1997,umc
arg,1998,umc
arg,1999,umc
arg,2000,umc
arg,2001,umc
arg,2002,umc
arg,2003,umc
arg,2004,umc
arg,2005,umc
arg,2006,umc
arg,2007,umc
arg,2008,umc
arg,2009,umc
arg,2010,umc
arg,2011,umc
arg,2012,umc
arg,2013,umc
arg,2014,hic
arg,2015,umc
arg,2016,umc
arg,2017,hic
arg,2018,umc
arg,2019,umc
arm,1987,lmc
arm,1988,lmc
arm,1989,lmc
arm,1990,lmc
arm,1991,lmc
arm,1992,lmc
arm,1993,lic
arm,1994,lic
arm,1995,lic
arm,1996,lic
arm,1997,lic
arm,1998,lic
arm,1999,lic
arm,2000,lic
arm,2001,lic
arm,2002,lmc
arm,2003,lmc
arm,2004,lmc
arm,2005,lmc
arm,2006,lmc
arm,2007,lmc
arm,2008,lmc
arm,2009,lmc
arm,2010,lmc
arm,2011,lmc
arm,2012,lmc
arm,2013,lmc
arm,2014,lmc
arm,2015,lmc
arm,2016,lmc
arm,2017,umc
arm,2018,umc
arm,2019,umc
asm,1987,hic
asm,1988,hic
asm,1989,hic
asm,1990,umc
asm,1991,umc
asm,1992,umc
asm,1993,umc
asm,1994,umc
asm,1995,umc
asm,1996,umc
asm,1997,umc
asm,1998,umc
asm,1999,umc
asm,2000,umc
asm,2001,umc
asm,2002,umc
asm,2003,umc
asm,2004,umc
asm,2005,umc
asm,2006,umc
asm,2007,umc
asm,2008,umc
asm,2009,umc
asm,2010,umc
asm,2011,umc
asm,2012,umc
asm,2013,umc
asm,2014,umc
asm,2015,umc
asm,2016,umc
asm,2017,umc
asm,2018,umc
asm,2019,umc
atg,1987,umc
atg,1988,umc
atg,1989,umc
atg,1990,umc
atg,1991,umc
atg,1992,umc
atg,1993,umc
atg,1994,umc
atg,1995,umc
atg,1996,umc
atg,1997,umc
atg,1998,umc
atg,1999,umc
atg,2000,umc
atg,2001,umc
atg,2002,hic
atg,2003,umc
atg,2004,umc
atg,2005,hic
atg,2006,hic
atg,2007,hic
atg,2008,hic
atg,2009,umc
atg,2010,umc
atg,2011,umc
atg,2012,hic
atg,2013,hic
atg,2014,hic
atg,2015,hic
atg,2016,hic
atg,2017,hic
atg,2018,hic
atg,2019,hic
aus,1987,hic
aus,1988,hic
aus,1989,hic
aus,1990,hic
aus,1991,hic
aus,1992,hic
aus,1993,hic
aus,1994,hic
aus,1995,hic
aus,1996,hic
aus,1997,hic
aus,1998,hic
aus,1999,hic
aus,2000,hic
aus,2001,hic
aus,2002,hic
aus,2003,hic
aus,2004,hic
aus,2005,hic
aus,2006,hic
aus,2007,hic
aus,2008,hic
aus,2009,hic
aus,2010,hic
aus,2011,hic
aus,2012,hic
aus,2013,hic
aus,2014,hic
aus,2015,hic
aus,2016,hic
aus,2017,hic
aus,2018,hic
aus,2019,hic
aut,1987,hic
aut,1988,hic
aut,1989,hic
aut,1990,hic
aut,1991,hic
aut,1992,hic
aut,1993,hic
aut,1994,hic
aut,1995,hic
aut,1996,hic
aut,1997,hic
aut,1998,hic
aut,1999,hic
aut,2000,hic
aut,2001,hic
aut,2002,hic
aut,2003,hic
aut,2004,hic
aut,2005,hic
aut,2006,hic
aut,2007,hic
aut,2008,hic
aut,2009,hic
aut,2010,hic
aut,2011,hic
aut,2012,hic
aut,2013,hic
aut,2014,hic
aut,2015,hic
aut,2016,hic
aut,2017,hic
aut,2018,hic
aut,2019,hic
aze,1987,lmc
aze,1988,lmc
aze,1989,lmc
aze,1990,lmc
aze,1991,lmc
aze,1992,lmc
aze,1993,lmc
aze,1994,lic
aze,1995,lic
aze,1996,lic
aze,1997,lic
aze,1998,lic
aze,1999,lic
aze,2000,lic
aze,2001,lic
aze,2002,lic
aze,2003,lmc
aze,2004,lmc
aze,2005,lmc
aze,2006,lmc
aze,2007,lmc
aze,2008,lmc
aze,2009,umc
aze,2010,umc
aze,2011,umc
aze,2012,umc
aze,2013,umc
aze,2014,umc
aze,2015,umc
aze,2016,umc
aze,2017,umc
aze,2018,umc
aze,2019,umc
bdi,1987,lic
bdi,1988,lic
bdi,1989,lic
bdi,1990,lic
bdi,1991,lic
bdi,1992,lic
bdi,1993,lic
bdi,1994,lic
bdi,1995,lic
bdi,1996,lic
bdi,1997,lic
bdi,1998,lic
bdi,1999,lic
bdi,2000,lic
bdi,2001,lic
bdi,2002,lic
bdi,2003,lic
bdi,2004,lic
bdi,2005,lic
bdi,2006,lic
bdi,2007,lic
bdi,2008,lic
bdi,2009,lic
bdi,2010,lic
bdi,2011,lic
bdi,2012,lic
bdi,2013,lic
bdi,2014,lic
bdi,2015,lic
bdi,2016,lic
bdi,2017,lic
bdi,2018,lic
bdi,2019,lic
bel,1987,hic
bel,1988,hic
bel,1989,hic
bel,1990,hic
bel,1991,hic
bel,1992,hic
bel,1993,hic
bel,1994,hic
bel,1995,hic
bel,1996,hic
bel,1997,hic
bel,1998,hic
bel,1999,hic
bel,2000,hic
bel,2001,hic
bel,2002,hic
bel,2003,hic
bel,2004,hic
bel,2005,hic
bel,2006,hic
bel,2007,hic
bel,2008,hic
bel,2009,hic
bel,2010,hic
bel,2011,hic
bel,2012,hic
bel,2013,hic
bel,2014,hic
bel,2015,hic
bel,2016,hic
bel,2017,hic
bel,2018,hic
bel,2019,hic
ben,1987,lic
ben,1988,lic
ben,1989,lic
ben,1990,lic
ben,1991,lic
ben,1992,lic
ben,1993,lic
ben,1994,lic
ben,1995,lic
ben,1996,lic
ben,1997,lic
ben,1998,lic
ben,1999,lic
ben,2000,lic
ben,2001,lic
ben,2002,lic
ben,2003,lic
ben,2004,lic
ben,2005,lic
ben,2006,lic
ben,2007,lic
ben,2008,lic
ben,2009,lic
ben,2010,lic
ben,2011,lic
ben,2012,lic
ben,2013,lic
ben,2014,lic
ben,2015,lic
ben,2016,lic
ben,2017,lic
ben,2018,lic
ben,2019,lmc
bfa,1987,lic
bfa,1988,lic
bfa,1989,lic
bfa,1990,lic
bfa,1991,lic
bfa,1992,lic
bfa,1993,lic
bfa,1994,lic
bfa,1995,lic
bfa,1996,lic
bfa,1997,lic
bfa,1998,lic
bfa,1999,lic
bfa,2000,lic
bfa,2001,lic
bfa,2002,lic
bfa,2003,lic
bfa,2004,lic
bfa,2005,lic
bfa,2006,lic
bfa,2007,lic
bfa,2008,lic
bfa,2009,lic
bfa,2010,lic
bfa,2011,lic
bfa,2012,lic
bfa,2013,lic
bfa,2014,lic
bfa,2015,lic
bfa,2016,lic
bfa,2017,lic
bfa,2018,lic
bfa,2019,lic
bgd,1987,lic
bgd,1988,lic
bgd,1989,lic
bgd,1990,lic
bgd,1991,lic
bgd,1992,lic
bgd,1993,lic
bgd,1994,lic
bgd,1995,lic
bgd,1996,lic
bgd,1997,lic
bgd,1998,lic
bgd,1999,lic
bgd,2000,lic
bgd,2001,lic
bgd,2002,lic
bgd,2003,lic
bgd,2004,lic
bgd,2005,lic
bgd,2006,lic
bgd,2007,lic
bgd,2008,lic
bgd,2009,lic
bgd,2010,lic
bgd,2011,lic
bgd,2012,lic
bgd,2013,lic
bgd,2014,lmc
bgd,2015,lmc
bgd,2016,lmc
bgd,2017,lmc
bgd,2018,lmc
bgd,2019,lmc
bgr,1987,lmc
bgr,1988,lmc
bgr,1989,lmc
bgr,1990,lmc
bgr,1991,lmc
bgr,1992,lmc
bgr,1993,lmc
bgr,1994,lmc
bgr,1995,lmc
bgr,1996,lmc
bgr,1997,lmc
bgr,1998,lmc
bgr,1999,lmc
bgr,2000,lmc
bgr,2001,lmc
bgr,2002,lmc
bgr,2003,lmc
bgr,2004,lmc
bgr,2005,lmc
bgr,2006,umc
bgr,2007,umc
bgr,2008,umc
bgr,2009,umc
bgr,2010,umc
bgr,2011,umc
bgr,2012,umc
bgr,2013,umc
bgr,2014,umc
bgr,2015,umc
bgr,2016,umc
bgr,2017,umc
bgr,2018,umc
bgr,2019,umc
bhr,1987,hic
bhr,1988,hic
bhr,1989,hic
bhr,1990,umc
bhr,1991,umc
bhr,1992,umc
bhr,1993,umc
bhr,1994,umc
bhr,1995,umc
bhr,1996,umc
bhr,1997,umc
bhr,1998,umc
bhr,1999,umc
bhr,2000,umc
bhr,2001,hic
bhr,2002,hic
bhr,2003,hic
bhr,2004,hic
bhr,2005,hic
bhr,2006,hic
bhr,2007,hic
bhr,2008,hic
bhr,2009,hic
bhr,2010,hic
bhr,2011,hic
bhr,2012,hic
bhr,2013,hic
bhr,2014,hic
bhr,2015,hic
bhr,2016,hic
bhr,2017,hic
bhr,2018,hic
bhr,2019,hic
bhs,1987,hic
bhs,1988,hic
bhs,1989,hic
bhs,1990,hic
bhs,1991,hic
bhs,1992,hic
bhs,1993,hic
bhs,1994,hic
bhs,1995,hic
bhs,1996,hic
bhs,1997,hic
bhs,1998,hic
bhs,1999,hic
bhs,2000,hic
bhs,2001,hic
bhs,2002,hic
bhs,2003,hic
bhs,2004,hic
bhs,2005,hic
bhs,2006,hic
bhs,2007,hic
bhs,2008,hic
bhs,2009,hic
bhs,2010,hic
bhs,2011,hic
bhs,2012,hic
bhs,2013,hic
bhs,2014,hic
bhs,2015,hic
bhs,2016,hic
bhs,2017,hic
bhs,2018,hic
bhs,2019,hic
bih,1987,lmc
bih,1988,lmc
bih,1989,lmc
bih,1990,lmc
bih,1991,lmc
bih,1992,lmc
bih,1993,lic
bih,1994,lic
bih,1995,lic
bih,1996,lic
bih,1997,lic
bih,1998,lmc
bih,1999,lmc
bih,2000,lmc
bih,2001,lmc
bih,2002,lmc
bih,2003,lmc
bih,2004,lmc
bih,2005,lmc
bih,2006,lmc
bih,2007,lmc
bih,2008,umc
bih,2009,umc
bih,2010,umc
bih,2011,umc
bih,2012,umc
bih,2013,umc
bih,2014,umc
bih,2015,umc
bih,2016,umc
bih,2017,umc
bih,2018,umc
bih,2019,umc
blr,1987,umc
blr,1988,umc
blr,1989,umc
blr,1990,umc
blr,1991,umc
blr,1992,umc
blr,1993,umc
blr,1994,lmc
blr,1995,lmc
blr,1996,lmc
blr,1997,lmc
blr,1998,lmc
blr,1999,lmc
blr,2000,lmc
blr,2001,lmc
blr,2002,lmc
blr,2003,lmc
blr,2004,lmc
blr,2005,lmc
blr,2006,lmc
blr,2007,umc
blr,2008,umc
blr,2009,umc
blr,2010,umc
blr,2011,umc
blr,2012,umc
blr,2013,umc
blr,2014,umc
blr,2015,umc
blr,2016,umc
blr,2017,umc
blr,2018,umc
blr,2019,umc
blz,1987,lmc
blz,1988,lmc
blz,1989,lmc
blz,1990,lmc
blz,1991,lmc
blz,1992,lmc
blz,1993,lmc
blz,1994,lmc
blz,1995,lmc
blz,1996,lmc
blz,1997,lmc
blz,1998,lmc
blz,1999,lmc
blz,2000,lmc
blz,2001,lmc
blz,2002,umc
blz,2003,umc
blz,2004,umc
blz,2005,umc
blz,2006,umc
blz,2007,umc
blz,2008,lmc
blz,2009,lmc
blz,2010,lmc
blz,2011,lmc
blz,2012,umc
blz,2013,umc
blz,2014,umc
blz,2015,umc
blz,2016,umc
blz,2017,umc
blz,2018,umc
blz,2019,umc
bmu,1987,hic
bmu,1988,hic
bmu,1989,hic
bmu,1990,hic
bmu,1991,hic
bmu,1992,hic
bmu,1993,hic
bmu,1994,hic
bmu,1995,hic
bmu,1996,hic
bmu,1997,hic
bmu,1998,hic
bmu,1999,hic
bmu,2000,hic
bmu,2001,hic
bmu,2002,hic
bmu,2003,hic
bmu,2004,hic
bmu,2005,hic
bmu,2006,hic
bmu,2007,hic
bmu,2008,hic
bmu,2009,hic
bmu,2010,hic
bmu,2011,hic
bmu,2012,hic
bmu,2013,hic
bmu,2014,hic
bmu,2015,hic
bmu,2016,hic
bmu,2017,hic
bmu,2018,hic
bmu,2019,hic
bol,1987,lmc
bol,1988,lmc
bol,1989,lmc
bol,1990,lmc
bol,1991,lmc
bol,1992,lmc
bol,1993,lmc
bol,1994,lmc
bol,1995,lmc
bol,1996,lmc
bol,1997,lmc
bol,1998,lmc
bol,1999,lmc
bol,2000,lmc
bol,2001,lmc
bol,2002,lmc
bol,2003,lmc
bol,2004,lmc
bol,2005,lmc
bol,2006,lmc
bol,2007,lmc
bol,2008,lmc
bol,2009,lmc
bol,2010,lmc
bol,2011,lmc
bol,2012,lmc
bol,2013,lmc
bol,2014,lmc
bol,2015,lmc
bol,2016,lmc
bol,2017,lmc
bol,2018,lmc
bol,2019,lmc
bra,1987,umc
bra,1988,lmc
bra,1989,umc
bra,1990,umc
bra,1991,umc
bra,1992,umc
bra,1993,umc
bra,1994,umc
bra,1995,umc
bra,1996,umc
bra,1997,umc
bra,1998,umc
bra,1999,umc
bra,2000,umc
bra,2001,umc
bra,2002,lmc
bra,2003,lmc
bra,2004,lmc
bra,2005,lmc
bra,2006,umc
bra,2007,umc
bra,2008,umc
bra,2009,umc
bra,2010,umc
bra,2011,umc
bra,2012,umc
bra,2013,umc
bra,2014,umc
bra,2015,umc
bra,2016,umc
bra,2017,umc
bra,2018,umc
bra,2019,umc
brb,1987,umc
brb,1988,umc
brb,1989,hic
brb,1990,umc
brb,1991,umc
brb,1992,umc
brb,1993,umc
brb,1994,umc
brb,1995,umc
brb,1996,umc
brb,1997,umc
brb,1998,umc
brb,1999,umc
brb,2000,hic
brb,2001,umc
brb,2002,hic
brb,2003,umc
brb,2004,umc
brb,2005,umc
brb,2006,hic
brb,2007,hic
brb,2008,hic
brb,2009,hic
brb,2010,hic
brb,2011,hic
brb,2012,hic
brb,2013,hic
brb,2014,hic
brb,2015,hic
brb,2016,hic
brb,2017,hic
brb,2018,hic
brb,2019,hic
brn,1987,hic
brn,1988,hic
brn,1989,hic
brn,1990,hic
brn,1991,hic
brn,1992,hic
brn,1993,hic
brn,1994,hic
brn,1995,hic
brn,1996,hic
brn,1997,hic
brn,1998,hic
brn,1999,hic
brn,2000,hic
brn,2001,hic
brn,2002,hic
brn,2003,hic
brn,2004,hic
brn,2005,hic
brn,2006,hic
brn,2007,hic
brn,2008,hic
brn,2009,hic
brn,2010,hic
brn,2011,hic
brn,2012,hic
brn,2013,hic
brn,2014,hic
brn,2015,hic
brn,2016,hic
brn,2017,hic
brn,2018,hic
brn,2019,hic
btn,1987,lic
btn,1988,lic
btn,1989,lic
btn,1990,lic
btn,1991,lic
btn,1992,lic
btn,1993,lic
btn,1994,lic
btn,1995,lic
btn,1996,lic
btn,1997,lic
btn,1998,lic
btn,1999,lic
btn,2000,lic
btn,2001,lic
btn,2002,lic
btn,2003,lic
btn,2004,lic
btn,2005,lic
btn,2006,lmc
btn,2007,lmc
btn,2008,lmc
btn,2009,lmc
btn,2010,lmc
btn,2011,lmc
btn,2012,lmc
btn,2013,lmc
btn,2014,lmc
btn,2015,lmc
btn,2016,lmc
btn,2017,lmc
btn,2018,lmc
btn,2019,lmc
bwa,1987,lmc
bwa,1988,lmc
bwa,1989,lmc
bwa,1990,lmc
bwa,1991,umc
bwa,1992,umc
bwa,1993,lmc
bwa,1994,lmc
bwa,1995,lmc
bwa,1996,lmc
bwa,1997,umc
bwa,1998,umc
bwa,1999,umc
bwa,2000,umc
bwa,2001,umc
bwa,2002,umc
bwa,2003,umc
bwa,2004,umc
bwa,2005,umc
bwa,2006,umc
bwa,2007,umc
bwa,2008,umc
bwa,2009,umc
bwa,2010,umc
bwa,2011,umc
bwa,2012,umc
bwa,2013,umc
bwa,2014,umc
bwa,2015,umc
bwa,2016,umc
bwa,2017,umc
bwa,2018,umc
bwa,2019,umc
caf,1987,lic
caf,1988,lic
caf,1989,lic
caf,1990,lic
caf,1991,lic
caf,1992,lic
caf,1993,lic
caf,1994,lic
caf,1995,lic
caf,1996,lic
caf,1997,lic
caf,1998,lic
caf,1999,lic
caf,2000,lic
caf,2001,lic
caf,2002,lic
caf,2003,lic
caf,2004,lic
caf,2005,lic
caf,2006,lic
caf,2007,lic
caf,2008,lic
caf,2009,lic
caf,2010,lic
caf,2011,lic
caf,2012,lic
caf,2013,lic
caf,2014,lic
caf,2015,lic
caf,2016,lic
caf,2017,lic
caf,2018,lic
caf,2019,lic
can,1987,hic
can,1988,hic
can,1989,hic
can,1990,hic
can,1991,hic
can,1992,hic
can,1993,hic
can,1994,hic
can,1995,hic
can,1996,hic
can,1997,hic
can,1998,hic
can,1999,hic
can,2000,hic
can,2001,hic
can,2002,hic
can,2003,hic
can,2004,hic
can,2005,hic
can,2006,hic
can,2007,hic
can,2008,hic
can,2009,hic
can,2010,hic
can,2011,hic
can,2012,hic
can,2013,hic
can,2014,hic
can,2015,hic
can,2016,hic
can,2017,hic
can,2018,hic
can,2019,hic
che,1987,hic
che,1988,hic
che,1989,hic
che,1990,hic
che,1991,hic
che,1992,hic
che,1993,hic
che,1994,hic
che,1995,hic
che,1996,hic
che,1997,hic
che,1998,hic
che,1999,hic
che,2000,hic
che,2001,hic
che,2002,hic
che,2003,hic
che,2004,hic
che,2005,hic
che,2006,hic
che,2007,hic
che,2008,hic
che,2009,hic
che,2010,hic
che,2011,hic
che,2012,hic
che,2013,hic
che,2014,hic
che,2015,hic
che,2016,hic
che,2017,hic
che,2018,hic
che,2019,hic
chi,1987,hic
chi,1988,hic
chi,1989,hic
chi,1990,hic
chi,1991,hic
chi,1992,hic
chi,1993,hic
chi,1994,hic
chi,1995,hic
chi,1996,hic
chi,1997,hic
chi,1998,hic
chi,1999,hic
chi,2000,hic
chi,2001,hic
chi,2002,hic
chi,2003,hic
chi,2004,hic
chi,2005,hic
chi,2006,hic
chi,2007,hic
chi,2008,hic
chi,2009,hic
chi,2010,hic
chi,2011,hic
chi,2012,hic
chi,2013,hic
chi,2014,hic
chi,2015,hic
chi,2016,hic
chi,2017,hic
chi,2018,hic
chi,2019,hic
chl,1987,lmc
chl,1988,lmc
chl,1989,lmc
chl,1990,lmc
chl,1991,lmc
chl,1992,lmc
chl,1993,umc
chl,1994,umc
chl,1995,umc
chl,1996,umc
chl,1997,umc
chl,1998,umc
chl,1999,umc
chl,2000,umc
chl,2001,umc
chl,2002,umc
chl,2003,umc
chl,2004,umc
chl,2005,umc
chl,2006,umc
chl,2007,umc
chl,2008,umc
chl,2009,umc
chl,2010,umc
chl,2011,umc
chl,2012,hic
chl,2013,hic
chl,2014,hic
chl,2015,hic
chl,2016,hic
chl,2017,hic
chl,2018,hic
chl,2019,hic
chn,1987,lic
chn,1988,lic
chn,1989,lic
chn,1990,lic
chn,1991,lic
chn,1992,lic
chn,1993,lic
chn,1994,lic
chn,1995,lic
chn,1996,lic
chn,1997,lmc
chn,1998,lic
chn,1999,lmc
chn,2000,lmc
chn,2001,lmc
chn,2002,lmc
chn,2003,lmc
chn,2004,lmc
chn,2005,lmc
chn,2006,lmc
chn,2007,lmc
chn,2008,lmc
chn,2009,lmc
chn,2010,umc
chn,2011,umc
chn,2012,umc
chn,2013,umc
chn,2014,umc
chn,2015,umc
chn,2016,umc
chn,2017,umc
chn,2018,umc
chn,2019,umc
civ,1987,lmc
civ,1988,lmc
civ,1989,lmc
civ,1990,lmc
civ,1991,lmc
civ,1992,lmc
civ,1993,lic
civ,1994,lic
civ,1995,lic
civ,1996,lic
civ,1997,lic
civ,1998,lic
civ,1999,lic
civ,2000,lic
civ,2001,lic
civ,2002,lic
civ,2003,lic
civ,2004,lic
civ,2005,lic
civ,2006,lic
civ,2007,lic
civ,2008,lmc
civ,2009,lmc
civ,2010,lmc
civ,2011,lmc
civ,2012,lmc
civ,2013,lmc
civ,2014,lmc
civ,2015,lmc
civ,2016,lmc
civ,2017,lmc
civ,2018,lmc
civ,2019,lmc
cmr,1987,lmc
cmr,1988,lmc
cmr,1989,lmc
cmr,1990,lmc
cmr,1991,lmc
cmr,1992,lmc
cmr,1993,lmc
cmr,1994,lic
cmr,1995,lic
cmr,1996,lic
cmr,1997,lic
cmr,1998,lic
cmr,1999,lic
cmr,2000,lic
cmr,2001,lic
cmr,2002,lic
cmr,2003,lic
cmr,2004,lic
cmr,2005,lmc
cmr,2006,lmc
cmr,2007,lmc
cmr,2008,lmc
cmr,2009,lmc
cmr,2010,lmc
cmr,2011,lmc
cmr,2012,lmc
cmr,2013,lmc
cmr,2014,lmc
cmr,2015,lmc
cmr,2016,lmc
cmr,2017,lmc
cmr,2018,lmc
cmr,2019,lmc
cod,1987,lic
cod,1988,lic
cod,1989,lic
cod,1990,lic
cod,1991,lic
cod,1992,lic
cod,1993,lic
cod,1994,lic
cod,1995,lic
cod,1996,lic
cod,1997,lic
cod,1998,lic
cod,1999,lic
cod,2000,lic
cod,2001,lic
cod,2002,lic
cod,2003,lic
cod,2004,lic
cod,2005,lic
cod,2006,lic
cod,2007,lic
cod,2008,lic
cod,2009,lic
cod,2010,lic
cod,2011,lic
cod,2012,lic
cod,2013,lic
cod,2014,lic
cod,2015,lic
cod,2016,lic
cod,2017,lic
cod,2018,lic
cod,2019,lic
cog,1987,lmc
cog,1988,lmc
cog,1989,lmc
cog,1990,lmc
cog,1991,lmc
cog,1992,lmc
cog,1993,lmc
cog,1994,lic
cog,1995,lic
cog,1996,lic
cog,1997,lic
cog,1998,lic
cog,1999,lic
cog,2000,lic
cog,2001,lic
cog,2002,lic
cog,2003,lic
cog,2004,lic
cog,2005,lmc
cog,2006,lmc
cog,2007,lmc
cog,2008,lmc
cog,2009,lmc
cog,2010,lmc
cog,2011,lmc
cog,2012,lmc
cog,2013,lmc
cog,2014,lmc
cog,2015,lmc
cog,2016,lmc
cog,2017,lmc
cog,2018,lmc
cog,2019,lmc
col,1987,lmc
col,1988,lmc
col,1989,lmc
col,1990,lmc
col,1991,lmc
col,1992,lmc
col,1993,lmc
col,1994,lmc
col,1995,lmc
col,1996,lmc
col,1997,lmc
col,1998,lmc
col,1999,lmc
col,2000,lmc
col,2001,lmc
col,2002,lmc
col,2003,lmc
col,2004,lmc
col,2005,lmc
col,2006,lmc
col,2007,lmc
col,2008,umc
col,2009,umc
col,2010,umc
col,2011,umc
col,2012,umc
col,2013,umc
col,2014,umc
col,2015,umc
col,2016,umc
col,2017,umc
col,2018,umc
col,2019,umc
com,1987,lic
com,1988,lic
com,1989,lic
com,1990,lic
com,1991,lic
com,1992,lic
com,1993,lic
com,1994,lic
com,1995,lic
com,1996,lic
com,1997,lic
com,1998,lic
com,1999,lic
com,2000,lic
com,2001,lic
com,2002,lic
com,2003,lic
com,2004,lic
com,2005,lic
com,2006,lic
com,2007,lic
com,2008,lic
com,2009,lic
com,2010,lic
com,2011,lic
com,2012,lic
com,2013,lic
com,2014,lic
com,2015,lic
com,2016,lic
com,2017,lic
com,2018,lmc
com,2019,lmc
cpv,1987,lmc
cpv,1988,lmc
cpv,1989,lmc
cpv,1990,lmc
cpv,1991,lmc
cpv,1992,lmc
cpv,1993,lmc
cpv,1994,lmc
cpv,1995,lmc
cpv,1996,lmc
cpv,1997,lmc
cpv,1998,lmc
cpv,1999,lmc
cpv,2000,lmc
cpv,2001,lmc
cpv,2002,lmc
cpv,2003,lmc
cpv,2004,lmc
cpv,2005,lmc
cpv,2006,lmc
cpv,2007,lmc
cpv,2008,lmc
cpv,2009,lmc
cpv,2010,lmc
cpv,2011,lmc
cpv,2012,lmc
cpv,2013,lmc
cpv,2014,lmc
cpv,2015,lmc
cpv,2016,lmc
cpv,2017,lmc
cpv,2018,lmc
cpv,2019,lmc
cri,1987,lmc
cri,1988,lmc
cri,1989,lmc
cri,1990,lmc
cri,1991,lmc
cri,1992,lmc
cri,1993,lmc
cri,1994,lmc
cri,1995,lmc
cri,1996,lmc
cri,1997,lmc
cri,1998,lmc
cri,1999,lmc
cri,2000,umc
cri,2001,umc
cri,2002,umc
cri,2003,umc
cri,2004,umc
cri,2005,umc
cri,2006,umc
cri,2007,umc
cri,2008,umc
cri,2009,umc
cri,2010,umc
cri,2011,umc
cri,2012,umc
cri,2013,umc
cri,2014,umc
cri,2015,umc
cri,2016,umc
cri,2017,umc
cri,2018,umc
cri,2019,umc
csk,1987,umc
csk,1988,umc
csk,1989,umc
csk,1990,umc
csk,1991,umc
cub,1987,lmc
cub,1988,lmc
cub,1989,lmc
cub,1990,lmc
cub,1991,lmc
cub,1992,lmc
cub,1993,lmc
cub,1994,lmc
cub,1995,lmc
cub,1996,lmc
cub,1997,lmc
cub,1998,lmc
cub,1999,lmc
cub,2000,lmc
cub,2001,lmc
cub,2002,lmc
cub,2003,lmc
cub,2004,lmc
cub,2005,lmc
cub,2006,lmc
cub,2007,umc
cub,2008,umc
cub,2009,umc
cub,2010,umc
cub,2011,umc
cub,2012,umc
cub,2013,umc
cub,2014,umc
cub,2015,umc
cub,2016,umc
cub,2017,umc
cub,2018,umc
cub,2019,umc
cuw,1987,hic
cuw,1988,hic
cuw,1989,hic
cuw,1990,hic
cuw,1991,hic
cuw,1992,hic
cuw,1993,hic
cuw,1994,hic
cuw,1995,hic
cuw,1996,hic
cuw,1997,hic
cuw,1998,hic
cuw,1999,hic
cuw,2000,hic
cuw,2001,hic
cuw,2002,hic
cuw,2003,hic
cuw,2004,hic
cuw,2005,hic
cuw,2006,hic
cuw,2007,hic
cuw,2008,hic
cuw,2009,hic
cuw,2010,hic
cuw,2011,hic
cuw,2012,hic
cuw,2013,hic
cuw,2014,hic
cuw,2015,hic
cuw,2016,hic
cuw,2017,hic
cuw,2018,hic
cuw,2019,hic
cym,1987,hic
cym,1988,hic
cym,1989,hic
cym,1990,hic
cym,1991,hic
cym,1992,hic
cym,1993,hic
cym,1994,hic
cym,1995,hic
cym,1996,hic
cym,1997,hic
cym,1998,hic
cym,1999,hic
cym,2000,hic
cym,2001,hic
cym,2002,hic
cym,2003,hic
cym,2004,hic
cym,2005,hic
cym,2006,hic
cym,2007,hic
cym,2008,hic
cym,2009,hic
cym,2010,hic
cym,2011,hic
cym,2012,hic
cym,2013,hic
cym,2014,hic
cym,2015,hic
cym,2016,hic
cym,2017,hic
cym,2018,hic
cym,2019,hic
cyp,1987,umc
cyp,1988,hic
cyp,1989,hic
cyp,1990,hic
cyp,1991,hic
cyp,1992,hic
cyp,1993,hic
cyp,1994,hic
cyp,1995,hic
cyp,1996,hic
cyp,1997,hic
cyp,1998,hic
cyp,1999,hic
cyp,2000,hic
cyp,2001,hic
cyp,2002,hic
cyp,2003,hic
cyp,2004,hic
cyp,2005,hic
cyp,2006,hic
cyp,2007,hic
cyp,2008,hic
cyp,2009,hic
cyp,2010,hic
cyp,2011,hic
cyp,2012,hic
cyp,2013,hic
cyp,2014,hic
cyp,2015,hic
cyp,2016,hic
cyp,2017,hic
cyp,2018,hic
cyp,2019,hic
cze,1987,lmc
cze,1988,lmc
cze,1989,lmc
cze,1990,lmc
cze,1991,lmc
cze,1992,lmc
cze,1993,lmc
cze,1994,umc
cze,1995,umc
cze,1996,umc
cze,1997,umc
cze,1998,umc
cze,1999,umc
cze,2000,umc
cze,2001,umc
cze,2002,umc
cze,2003,umc
cze,2004,umc
cze,2005,umc
cze,2006,hic
cze,2007,hic
cze,2008,hic
cze,2009,hic
cze,2010,hic
cze,2011,hic
cze,2012,hic
cze,2013,hic
cze,2014,hic
cze,2015,hic
cze,2016,hic
cze,2017,hic
cze,2018,hic
cze,2019,hic
deu,1987,hic
deu,1988,hic
deu,1989,hic
deu,1990,hic
deu,1991,hic
deu,1992,hic
deu,1993,hic
deu,1994,hic
deu,1995,hic
deu,1996,hic
deu,1997,hic
deu,1998,hic
deu,1999,hic
deu,2000,hic
deu,2001,hic
deu,2002,hic
deu,2003,hic
deu,2004,hic
deu,2005,hic
deu,2006,hic
deu,2007,hic
deu,2008,hic
deu,2009,hic
deu,2010,hic
deu,2011,hic
deu,2012,hic
deu,2013,hic
deu,2014,hic
deu,2015,hic
deu,2016,hic
deu,2017,hic
deu,2018,hic
deu,2019,hic
dji,1987,lmc
dji,1988,lmc
dji,1989,lmc
dji,1990,lmc
dji,1991,lmc
dji,1992,lmc
dji,1993,lmc
dji,1994,lmc
dji,1995,lmc
dji,1996,lmc
dji,1997,lmc
dji,1998,lmc
dji,1999,lmc
dji,2000,lmc
dji,2001,lmc
dji,2002,lmc
dji,2003,lmc
dji,2004,lmc
dji,2005,lmc
dji,2006,lmc
dji,2007,lmc
dji,2008,lmc
dji,2009,lmc
dji,2010,lmc
dji,2011,lmc
dji,2012,lmc
dji,2013,lmc
dji,2014,lmc
dji,2015,lmc
dji,2016,lmc
dji,2017,lmc
dji,2018,lmc
dji,2019,lmc
dma,1987,lmc
dma,1988,lmc
dma,1989,lmc
dma,1990,lmc
dma,1991,lmc
dma,1992,lmc
dma,1993,lmc
dma,1994,lmc
dma,1995,lmc
dma,1996,lmc
dma,1997,lmc
dma,1998,lmc
dma,1999,umc
dma,2000,umc
dma,2001,umc
dma,2002,umc
dma,2003,umc
dma,2004,umc
dma,2005,umc
dma,2006,umc
dma,2007,umc
dma,2008,umc
dma,2009,umc
dma,2010,umc
dma,2011,umc
dma,2012,umc
dma,2013,umc
dma,2014,umc
dma,2015,umc
dma,2016,umc
dma,2017,umc
dma,2018,umc
dma,2019,umc
dnk,1987,hic
dnk,1988,hic
dnk,1989,hic
dnk,1990,hic
dnk,1991,hic
dnk,1992,hic
dnk,1993,hic
dnk,1994,hic
dnk,1995,hic
dnk,1996,hic
dnk,1997,hic
dnk,1998,hic
dnk,1999,hic
dnk,2000,hic
dnk,2001,hic
dnk,2002,hic
dnk,2003,hic
dnk,2004,hic
dnk,2005,hic
dnk,2006,hic
dnk,2007,hic
dnk,2008,hic
dnk,2009,hic
dnk,2010,hic
dnk,2011,hic
dnk,2012,hic
dnk,2013,hic
dnk,2014,hic
dnk,2015,hic
dnk,2016,hic
dnk,2017,hic
dnk,2018,hic
dnk,2019,hic
dom,1987,lmc
dom,1988,lmc
dom,1989,lmc
dom,1990,lmc
dom,1991,lmc
dom,1992,lmc
dom,1993,lmc
dom,1994,lmc
dom,1995,lmc
dom,1996,lmc
dom,1997,lmc
dom,1998,lmc
dom,1999,lmc
dom,2000,lmc
dom,2001,lmc
dom,2002,lmc
dom,2003,lmc
dom,2004,lmc
dom,2005,lmc
dom,2006,lmc
dom,2007,lmc
dom,2008,umc
dom,2009,umc
dom,2010,umc
dom,2011,umc
dom,2012,umc
dom,2013,umc
dom,2014,umc
dom,2015,umc
dom,2016,umc
dom,2017,umc
dom,2018,umc
dom,2019,umc
dza,1987,umc
dza,1988,umc
dza,1989,lmc
dza,1990,lmc
dza,1991,lmc
dza,1992,lmc
dza,1993,lmc
dza,1994,lmc
dza,1995,lmc
dza,1996,lmc
dza,1997,lmc
dza,1998,lmc
dza,1999,lmc
dza,2000,lmc
dza,2001,lmc
dza,2002,lmc
dza,2003,lmc
dza,2004,lmc
dza,2005,lmc
dza,2006,lmc
dza,2007,lmc
dza,2008,umc
dza,2009,umc
dza,2010,umc
dza,2011,umc
dza,2012,umc
dza,2013,umc
dza,2014,umc
dza,2015,umc
dza,2016,umc
dza,2017,umc
dza,2018,umc
dza,2019,lmc
ecu,1987,lmc
ecu,1988,lmc
ecu,1989,lmc
ecu,1990,lmc
ecu,1991,lmc
ecu,1992,lmc
ecu,1993,lmc
ecu,1994,lmc
ecu,1995,lmc
ecu,1996,lmc
ecu,1997,lmc
ecu,1998,lmc
ecu,1999,lmc
ecu,2000,lmc
ecu,2001,lmc
ecu,2002,lmc
ecu,2003,lmc
ecu,2004,lmc
ecu,2005,lmc
ecu,2006,lmc
ecu,2007,lmc
ecu,2008,lmc
ecu,2009,lmc
ecu,2010,umc
ecu,2011,umc
ecu,2012,umc
ecu,2013,umc
ecu,2014,umc
ecu,2015,umc
ecu,2016,umc
ecu,2017,umc
ecu,2018,umc
ecu,2019,umc
egy,1987,lmc
egy,1988,lmc
egy,1989,lmc
egy,1990,lic
egy,1991,lic
egy,1992,lic
egy,1993,lic
egy,1994,lic
egy,1995,lmc
egy,1996,lmc
egy,1997,lmc
egy,1998,lmc
egy,1999,lmc
egy,2000,lmc
egy,2001,lmc
egy,2002,lmc
egy,2003,lmc
egy,2004,lmc
egy,2005,lmc
egy,2006,lmc
egy,2007,lmc
egy,2008,lmc
egy,2009,lmc
egy,2010,lmc
egy,2011,lmc
egy,2012,lmc
egy,2013,lmc
egy,2014,lmc
egy,2015,lmc
egy,2016,lmc
egy,2017,lmc
egy,2018,lmc
egy,2019,lmc
eri,1987,lic
eri,1988,lic
eri,1989,lic
eri,1990,lic
eri,1991,lic
eri,1992,lic
eri,1993,lic
eri,1994,lic
eri,1995,lic
eri,1996,lic
eri,1997,lic
eri,1998,lic
eri,1999,lic
eri,2000,lic
eri,2001,lic
eri,2002,lic
eri,2003,lic
eri,2004,lic
eri,2005,lic
eri,2006,lic
eri,2007,lic
eri,2008,lic
eri,2009,lic
eri,2010,lic
eri,2011,lic
eri,2012,lic
eri,2013,lic
eri,2014,lic
eri,2015,lic
eri,2016,lic
eri,2017,lic
eri,2018,lic
eri,2019,lic
esp,1987,hic
esp,1988,hic
esp,1989,hic
esp,1990,hic
esp,1991,hic
esp,1992,hic
esp,1993,hic
esp,1994,hic
esp,1995,hic
esp,1996,hic
esp,1997,hic
esp,1998,hic
esp,1999,hic
esp,2000,hic
esp,2001,hic
esp,2002,hic
esp,2003,hic
esp,2004,hic
esp,2005,hic
esp,2006,hic
esp,2007,hic
esp,2008,hic
esp,2009,hic
esp,2010,hic
esp,2011,hic
esp,2012,hic
esp,2013,hic
esp,2014,hic
esp,2015,hic
esp,2016,hic
esp,2017,hic
esp,2018,hic
esp,2019,hic
est,1987,umc
est,1988,umc
est,1989,umc
est,1990,umc
est,1991,umc
est,1992,umc
est,1993,umc
est,1994,lmc
est,1995,lmc
est,1996,lmc
est,1997,umc
est,1998,umc
est,1999,umc
est,2000,umc
est,2001,umc
est,2002,umc
est,2003,umc
est,2004,umc
est,2005,umc
est,2006,hic
est,2007,hic
est,2008,hic
est,2009,hic
est,2010,hic
est,2011,hic
est,2012,hic
est,2013,hic
est,2014,hic
est,2015,hic
est,2016,hic
est,2017,hic
est,2018,hic
est,2019,hic
eth,1987,lic
eth,1988,lic
eth,1989,lic
eth,1990,lic
eth,1991,lic
eth,1992,lic
eth,1993,lic
eth,1994,lic
eth,1995,lic
eth,1996,lic
eth,1997,lic
eth,1998,lic
eth,1999,lic
eth,2000,lic
eth,2001,lic
eth,2002,lic
eth,2003,lic
eth,2004,lic
eth,2005,lic
eth,2006,lic
eth,2007,lic
eth,2008,lic
eth,2009,lic
eth,2010,lic
eth,2011,lic
eth,2012,lic
eth,2013,lic
eth,2014,lic
eth,2015,lic
eth,2016,lic
eth,2017,lic
eth,2018,lic
eth,2019,lic
fin,1987,hic
fin,1988,hic
fin,1989,hic
fin,1990,hic
fin,1991,hic
fin,1992,hic
fin,1993,hic
fin,1994,hic
fin,1995,hic
fin,1996,hic
fin,1997,hic
fin,1998,hic
fin,1999,hic
fin,2000,hic
fin,2001,hic
fin,2002,hic
fin,2003,hic
fin,2004,hic
fin,2005,hic
fin,2006,hic
fin,2007,hic
fin,2008,hic
fin,2009,hic
fin,2010,hic
fin,2011,hic
fin,2012,hic
fin,2013,hic
fin,2014,hic
fin,2015,hic
fin,2016,hic
fin,2017,hic
fin,2018,hic
fin,2019,hic
fji,1987,lmc
fji,1988,lmc
fji,1989,lmc
fji,1990,lmc
fji,1991,lmc
fji,1992,lmc
fji,1993,lmc
fji,1994,lmc
fji,1995,lmc
fji,1996,lmc
fji,1997,lmc
fji,1998,lmc
fji,1999,lmc
fji,2000,lmc
fji,2001,lmc
fji,2002,lmc
fji,2003,lmc
fji,2004,lmc
fji,2005,lmc
fji,2006,lmc
fji,2007,umc
fji,2008,umc
fji,2009,umc
fji,2010,lmc
fji,2011,lmc
fji,2012,umc
fji,2013,umc
fji,2014,umc
fji,2015,umc
fji,2016,umc
fji,2017,umc
fji,2018,umc
fji,2019,umc
fra,1987,hic
fra,1988,hic
fra,1989,hic
fra,1990,hic
fra,1991,hic
fra,1992,hic
fra,1993,hic
fra,1994,hic
fra,1995,hic
fra,1996,hic
fra,1997,hic
fra,1998,hic
fra,1999,hic
fra,2000,hic
fra,2001,hic
fra,2002,hic
fra,2003,hic
fra,2004,hic
fra,2005,hic
fra,2006,hic
fra,2007,hic
fra,2008,hic
fra,2009,hic
fra,2010,hic
fra,2011,hic
fra,2012,hic
fra,2013,hic
fra,2014,hic
fra,2015,hic
fra,2016,hic
fra,2017,hic
fra,2018,hic
fra,2019,hic
fro,1987,hic
fro,1988,hic
fro,1989,hic
fro,1990,hic
fro,1991,hic
fro,1992,hic
fro,1993,hic
fro,1994,hic
fro,1995,hic
fro,1996,hic
fro,1997,hic
fro,1998,hic
fro,1999,hic
fro,2000,hic
fro,2001,hic
fro,2002,hic
fro,2003,hic
fro,2004,hic
fro,2005,hic
fro,2006,hic
fro,2007,hic
fro,2008,hic
fro,2009,hic
fro,2010,hic
fro,2011,hic
fro,2012,hic
fro,2013,hic
fro,2014,hic
fro,2015,hic
fro,2016,hic
fro,2017,hic
fro,2018,hic
fro,2019,hic
fsm,1987,lmc
fsm,1988,lmc
fsm,1989,lmc
fsm,1990,lmc
fsm,1991,lmc
fsm,1992,lmc
fsm,1993,lmc
fsm,1994,lmc
fsm,1995,lmc
fsm,1996,lmc
fsm,1997,lmc
fsm,1998,lmc
fsm,1999,lmc
fsm,2000,lmc
fsm,2001,lmc
fsm,2002,lmc
fsm,2003,lmc
fsm,2004,lmc
fsm,2005,lmc
fsm,2006,lmc
fsm,2007,lmc
fsm,2008,lmc
fsm,2009,lmc
fsm,2010,lmc
fsm,2011,lmc
fsm,2012,lmc
fsm,2013,lmc
fsm,2014,lmc
fsm,2015,lmc
fsm,2016,lmc
fsm,2017,lmc
fsm,2018,lmc
fsm,2019,lmc
gab,1987,umc
gab,1988,umc
gab,1989,umc
gab,1990,umc
gab,1991,umc
gab,1992,umc
gab,1993,umc
gab,1994,umc
gab,1995,umc
gab,1996,umc
gab,1997,umc
gab,1998,umc
gab,1999,umc
gab,2000,umc
gab,2001,umc
gab,2002,umc
gab,2003,umc
gab,2004,umc
gab,2005,umc
gab,2006,umc
gab,2007,umc
gab,2008,umc
gab,2009,umc
gab,2010,umc
gab,2011,umc
gab,2012,umc
gab,2013,umc
gab,2014,umc
gab,2015,umc
gab,2016,umc
gab,2017,umc
gab,2018,umc
gab,2019,umc
gbr,1987,hic
gbr,1988,hic
gbr,1989,hic
gbr,1990,hic
gbr,1991,hic
gbr,1992,hic
gbr,1993,hic
gbr,1994,hic
gbr,1995,hic
gbr,1996,hic
gbr,1997,hic
gbr,1998,hic
gbr,1999,hic
gbr,2000,hic
gbr,2001,hic
gbr,2002,hic
gbr,2003,hic
gbr,2004,hic
gbr,2005,hic
gbr,2006,hic
gbr,2007,hic
gbr,2008,hic
gbr,2009,hic
gbr,2010,hic
gbr,2011,hic
gbr,2012,hic
gbr,2013,hic
gbr,2014,hic
gbr,2015,hic
gbr,2016,hic
gbr,2017,hic
gbr,2018,hic
gbr,2019,hic
geo,1987,lmc
geo,1988,lmc
geo,1989,lmc
geo,1990,lmc
geo,1991,lmc
geo,1992,lmc
geo,1993,lic
geo,1994,lic
geo,1995,lic
geo,1996,lmc
geo,1997,lmc
geo,1998,lmc
geo,1999,lic
geo,2000,lic
geo,2001,lic
geo,2002,lic
geo,2003,lmc
geo,2004,lmc
geo,2005,lmc
geo,2006,lmc
geo,2007,lmc
geo,2008,lmc
geo,2009,lmc
geo,2010,lmc
geo,2011,lmc
geo,2012,lmc
geo,2013,lmc
geo,2014,lmc
geo,2015,umc
geo,2016,lmc
geo,2017,lmc
geo,2018,umc
geo,2019,umc
gha,1987,lic
gha,1988,lic
gha,1989,lic
gha,1990,lic
gha,1991,lic
gha,1992,lic
gha,1993,lic
gha,1994,lic
gha,1995,lic
gha,1996,lic
gha,1997,lic
gha,1998,lic
gha,1999,lic
gha,2000,lic
gha,2001,lic
gha,2002,lic
gha,2003,lic
gha,2004,lic
gha,2005,lic
gha,2006,lic
gha,2007,lic
gha,2008,lic
gha,2009,lic
gha,2010,lmc
gha,2011,lmc
gha,2012,lmc
gha,2013,lmc
gha,2014,lmc
gha,2015,lmc
gha,2016,lmc
gha,2017,lmc
gha,2018,lmc
gha,2019,lmc
gib,1987,umc
gib,1988,umc
gib,1989,umc
gib,1990,umc
gib,1991,umc
gib,1992,umc
gib,1993,umc
gib,1994,hic
gib,1995,hic
gib,1996,hic
gib,1997,hic
gib,1998,hic
gib,1999,hic
gib,2000,hic
gib,2001,hic
gib,2002,hic
gib,2003,hic
gib,2004,hic
gib,2005,hic
gib,2006,hic
gib,2007,hic
gib,2008,hic
gib,2009,hic
gib,2010,hic
gib,2011,hic
gib,2012,hic
gib,2013,hic
gib,2014,hic
gib,2015,hic
gib,2016,hic
gib,2017,hic
gib,2018,hic
gib,2019,hic
gin,1987,lic
gin,1988,lic
gin,1989,lic
gin,1990,lic
gin,1991,lic
gin,1992,lic
gin,1993,lic
gin,1994,lic
gin,1995,lic
gin,1996,lic
gin,1997,lic
gin,1998,lic
gin,1999,lic
gin,2000,lic
gin,2001,lic
gin,2002,lic
gin,2003,lic
gin,2004,lic
gin,2005,lic
gin,2006,lic
gin,2007,lic
gin,2008,lic
gin,2009,lic
gin,2010,lic
gin,2011,lic
gin,2012,lic
gin,2013,lic
gin,2014,lic
gin,2015,lic
gin,2016,lic
gin,2017,lic
gin,2018,lic
gin,2019,lic
gmb,1987,lic
gmb,1988,lic
gmb,1989,lic
gmb,1990,lic
gmb,1991,lic
gmb,1992,lic
gmb,1993,lic
gmb,1994,lic
gmb,1995,lic
gmb,1996,lic
gmb,1997,lic
gmb,1998,lic
gmb,1999,lic
gmb,2000,lic
gmb,2001,lic
gmb,2002,lic
gmb,2003,lic
gmb,2004,lic
gmb,2005,lic
gmb,2006,lic
gmb,2007,lic
gmb,2008,lic
gmb,2009,lic
gmb,2010,lic
gmb,2011,lic
gmb,2012,lic
gmb,2013,lic
gmb,2014,lic
gmb,2015,lic
gmb,2016,lic
gmb,2017,lic
gmb,2018,lic
gmb,2019,lic
gnb,1987,lic
gnb,1988,lic
gnb,1989,lic
gnb,1990,lic
gnb,1991,lic
gnb,1992,lic
gnb,1993,lic
gnb,1994,lic
gnb,1995,lic
gnb,1996,lic
gnb,1997,lic
gnb,1998,lic
gnb,1999,lic
gnb,2000,lic
gnb,2001,lic
gnb,2002,lic
gnb,2003,lic
gnb,2004,lic
gnb,2005,lic
gnb,2006,lic
gnb,2007,lic
gnb,2008,lic
gnb,2009,lic
gnb,2010,lic
gnb,2011,lic
gnb,2012,lic
gnb,2013,lic
gnb,2014,lic
gnb,2015,lic
gnb,2016,lic
gnb,2017,lic
gnb,2018,lic
gnb,2019,lic
gnq,1987,lic
gnq,1988,lic
gnq,1989,lic
gnq,1990,lic
gnq,1991,lic
gnq,1992,lic
gnq,1993,lic
gnq,1994,lic
gnq,1995,lic
gnq,1996,lic
gnq,1997,lmc
gnq,1998,lmc
gnq,1999,lmc
gnq,2000,lmc
gnq,2001,lic
gnq,2002,lic
gnq,2003,lic
gnq,2004,umc
gnq,2005,umc
gnq,2006,umc
gnq,2007,hic
gnq,2008,hic
gnq,2009,hic
gnq,2010,hic
gnq,2011,hic
gnq,2012,hic
gnq,2013,hic
gnq,2014,hic
gnq,2015,umc
gnq,2016,umc
gnq,2017,umc
gnq,2018,umc
gnq,2019,umc
grc,1987,umc
grc,1988,umc
grc,1989,umc
grc,1990,umc
grc,1991,umc
grc,1992,umc
grc,1993,umc
grc,1994,umc
grc,1995,umc
grc,1996,hic
grc,1997,hic
grc,1998,hic
grc,1999,hic
grc,2000,hic
grc,2001,hic
grc,2002,hic
grc,2003,hic
grc,2004,hic
grc,2005,hic
grc,2006,hic
grc,2007,hic
grc,2008,hic
grc,2009,hic
grc,2010,hic
grc,2011,hic
grc,2012,hic
grc,2013,hic
grc,2014,hic
grc,2015,hic
grc,2016,hic
grc,2017,hic
grc,2018,hic
grc,2019,hic
grd,1987,lmc
grd,1988,lmc
grd,1989,lmc
grd,1990,lmc
grd,1991,lmc
grd,1992,lmc
grd,1993,lmc
grd,1994,lmc
grd,1995,lmc
grd,1996,lmc
grd,1997,umc
grd,1998,umc
grd,1999,umc
grd,2000,umc
grd,2001,umc
grd,2002,umc
grd,2003,umc
grd,2004,umc
grd,2005,umc
grd,2006,umc
grd,2007,umc
grd,2008,umc
grd,2009,umc
grd,2010,umc
grd,2011,umc
grd,2012,umc
grd,2013,umc
grd,2014,umc
grd,2015,umc
grd,2016,umc
grd,2017,umc
grd,2018,umc
grd,2019,umc
grl,1987,hic
grl,1988,hic
grl,1989,hic
grl,1990,hic
grl,1991,hic
grl,1992,hic
grl,1993,hic
grl,1994,hic
grl,1995,hic
grl,1996,hic
grl,1997,hic
grl,1998,hic
grl,1999,hic
grl,2000,hic
grl,2001,hic
grl,2002,hic
grl,2003,hic
grl,2004,hic
grl,2005,hic
grl,2006,hic
grl,2007,hic
grl,2008,hic
grl,2009,hic
grl,2010,hic
grl,2011,hic
grl,2012,hic
grl,2013,hic
grl,2014,hic
grl,2015,hic
grl,2016,hic
grl,2017,hic
grl,2018,hic
grl,2019,hic
gtm,1987,lmc
gtm,1988,lmc
gtm,1989,lmc
gtm,1990,lmc
gtm,1991,lmc
gtm,1992,lmc
gtm,1993,lmc
gtm,1994,lmc
gtm,1995,lmc
gtm,1996,lmc
gtm,1997,lmc
gtm,1998,lmc
gtm,1999,lmc
gtm,2000,lmc
gtm,2001,lmc
gtm,2002,lmc
gtm,2003,lmc
gtm,2004,lmc
gtm,2005,lmc
gtm,2006,lmc
gtm,2007,lmc
gtm,2008,lmc
gtm,2009,lmc
gtm,2010,lmc
gtm,2011,lmc
gtm,2012,lmc
gtm,2013,lmc
gtm,2014,lmc
gtm,2015,lmc
gtm,2016,lmc
gtm,2017,umc
gtm,2018,umc
gtm,2019,umc
gum,1987,hic
gum,1988,hic
gum,1989,hic
gum,1990,umc
gum,1991,umc
gum,1992,umc
gum,1993,umc
gum,1994,umc
gum,1995,hic
gum,1996,hic
gum,1997,hic
gum,1998,hic
gum,1999,hic
gum,2000,hic
gum,2001,hic
gum,2002,hic
gum,2003,hic
gum,2004,hic
gum,2005,hic
gum,2006,hic
gum,2007,hic
gum,2008,hic
gum,2009,hic
gum,2010,hic
gum,2011,hic
gum,2012,hic
gum,2013,hic
gum,2014,hic
gum,2015,hic
gum,2016,hic
gum,2017,hic
gum,2018,hic
gum,2019,hic
guy,1987,lic
guy,1988,lic
guy,1989,lic
guy,1990,lic
guy,1991,lic
guy,1992,lic
guy,1993,lic
guy,1994,lic
guy,1995,lic
guy,1996,lic
guy,1997,lmc
guy,1998,lmc
guy,1999,lmc
guy,2000,lmc
guy,2001,lmc
guy,2002,lmc
guy,2003,lmc
guy,2004,lmc
guy,2005,lmc
guy,2006,lmc
guy,2007,lmc
guy,2008,lmc
guy,2009,lmc
guy,2010,lmc
guy,2011,lmc
guy,2012,lmc
guy,2013,lmc
guy,2014,lmc
guy,2015,umc
guy,2016,umc
guy,2017,umc
guy,2018,umc
guy,2019,umc
hkg,1987,hic
hkg,1988,hic
hkg,1989,hic
hkg,1990,hic
hkg,1991,hic
hkg,1992,hic
hkg,1993,hic
hkg,1994,hic
hkg,1995,hic
hkg,1996,hic
hkg,1997,hic
hkg,1998,hic
hkg,1999,hic
hkg,2000,hic
hkg,2001,hic
hkg,2002,hic
hkg,2003,hic
hkg,2004,hic
hkg,2005,hic
hkg,2006,hic
hkg,2007,hic
hkg,2008,hic
hkg,2009,hic
hkg,2010,hic
hkg,2011,hic
hkg,2012,hic
hkg,2013,hic
hkg,2014,hic
hkg,2015,hic
hkg,2016,hic
hkg,2017,hic
hkg,2018,hic
hkg,2019,hic
hnd,1987,lmc
hnd,1988,lmc
hnd,1989,lmc
hnd,1990,lic
hnd,1991,lic
hnd,1992,lic
hnd,1993,lic
hnd,1994,lic
hnd,1995,lic
hnd,1996,lic
hnd,1997,lic
hnd,1998,lic
hnd,1999,lmc
hnd,2000,lmc
hnd,2001,lmc
hnd,2002,lmc
hnd,2003,lmc
hnd,2004,lmc
hnd,2005,lmc
hnd,2006,lmc
hnd,2007,lmc
hnd,2008,lmc
hnd,2009,lmc
hnd,2010,lmc
hnd,2011,lmc
hnd,2012,lmc
hnd,2013,lmc
hnd,2014,lmc
hnd,2015,lmc
hnd,2016,lmc
hnd,2017,lmc
hnd,2018,lmc
hnd,2019,lmc
hrv,1987,lmc
hrv,1988,lmc
hrv,1989,lmc
hrv,1990,lmc
hrv,1991,lmc
hrv,1992,lmc
hrv,1993,lmc
hrv,1994,lmc
hrv,1995,umc
hrv,1996,umc
hrv,1997,umc
hrv,1998,umc
hrv,1999,umc
hrv,2000,umc
hrv,2001,umc
hrv,2002,umc
hrv,2003,umc
hrv,2004,umc
hrv,2005,umc
hrv,2006,umc
hrv,2007,umc
hrv,2008,hic
hrv,2009,hic
hrv,2010,hic
hrv,2011,hic
hrv,2012,hic
hrv,2013,hic
hrv,2014,hic
hrv,2015,hic
hrv,2016,umc
hrv,2017,hic
hrv,2018,hic
hrv,2019,hic
hti,1987,lic
hti,1988,lic
hti,1989,lic
hti,1990,lic
hti,1991,lic
hti,1992,lic
hti,1993,lic
hti,1994,lic
hti,1995,lic
hti,1996,lic
hti,1997,lic
hti,1998,lic
hti,1999,lic
hti,2000,lic
hti,2001,lic
hti,2002,lic
hti,2003,lic
hti,2004,lic
hti,2005,lic
hti,2006,lic
hti,2007,lic
hti,2008,lic
hti,2009,lic
hti,2010,lic
hti,2011,lic
hti,2012,lic
hti,2013,lic
hti,2014,lic
hti,2015,lic
hti,2016,lic
hti,2017,lic
hti,2018,lic
hti,2019,lic
hun,1987,umc
hun,1988,umc
hun,1989,umc
hun,1990,umc
hun,1991,umc
hun,1992,umc
hun,1993,umc
hun,1994,umc
hun,1995,umc
hun,1996,umc
hun,1997,umc
hun,1998,umc
hun,1999,umc
hun,2000,umc
hun,2001,umc
hun,2002,umc
hun,2003,umc
hun,2004,umc
hun,2005,umc
hun,2006,umc
hun,2007,hic
hun,2008,hic
hun,2009,hic
hun,2010,hic
hun,2011,hic
hun,2012,umc
hun,2013,umc
hun,2014,hic
hun,2015,hic
hun,2016,hic
hun,2017,hic
hun,2018,hic
hun,2019,hic
idn,1987,lic
idn,1988,lic
idn,1989,lic
idn,1990,lic
idn,1991,lic
idn,1992,lic
idn,1993,lmc
idn,1994,lmc
idn,1995,lmc
idn,1996,lmc
idn,1997,lmc
idn,1998,lic
idn,1999,lic
idn,2000,lic
idn,2001,lic
idn,2002,lic
idn,2003,lmc
idn,2004,lmc
idn,2005,lmc
idn,2006,lmc
idn,2007,lmc
idn,2008,lmc
idn,2009,lmc
idn,2010,lmc
idn,2011,lmc
idn,2012,lmc
idn,2013,lmc
idn,2014,lmc
idn,2015,lmc
idn,2016,lmc
idn,2017,lmc
idn,2018,lmc
idn,2019,umc
imn,1987,hic
imn,1988,hic
imn,1989,hic
imn,1990,umc
imn,1991,umc
imn,1992,umc
imn,1993,umc
imn,1994,umc
imn,1995,umc
imn,1996,umc
imn,1997,umc
imn,1998,umc
imn,1999,umc
imn,2000,umc
imn,2001,umc
imn,2002,hic
imn,2003,hic
imn,2004,hic
imn,2005,hic
imn,2006,hic
imn,2007,hic
imn,2008,hic
imn,2009,hic
imn,2010,hic
imn,2011,hic
imn,2012,hic
imn,2013,hic
imn,2014,hic
imn,2015,hic
imn,2016,hic
imn,2017,hic
imn,2018,hic
imn,2019,hic
ind,1987,lic
ind,1988,lic
ind,1989,lic
ind,1990,lic
ind,1991,lic
ind,1992,lic
ind,1993,lic
ind,1994,lic
ind,1995,lic
ind,1996,lic
ind,1997,lic
ind,1998,lic
ind,1999,lic
ind,2000,lic
ind,2001,lic
ind,2002,lic
ind,2003,lic
ind,2004,lic
ind,2005,lic
ind,2006,lic
ind,2007,lmc
ind,2008,lmc
ind,2009,lmc
ind,2010,lmc
ind,2011,lmc
ind,2012,lmc
ind,2013,lmc
ind,2014,lmc
ind,2015,lmc
ind,2016,lmc
ind,2017,lmc
ind,2018,lmc
ind,2019,lmc
irl,1987,hic
irl,1988,hic
irl,1989,hic
irl,1990,hic
irl,1991,hic
irl,1992,hic
irl,1993,hic
irl,1994,hic
irl,1995,hic
irl,1996,hic
irl,1997,hic
irl,1998,hic
irl,1999,hic
irl,2000,hic
irl,2001,hic
irl,2002,hic
irl,2003,hic
irl,2004,hic
irl,2005,hic
irl,2006,hic
irl,2007,hic
irl,2008,hic
irl,2009,hic
irl,2010,hic
irl,2011,hic
irl,2012,hic
irl,2013,hic
irl,2014,hic
irl,2015,hic
irl,2016,hic
irl,2017,hic
irl,2018,hic
irl,2019,hic
irn,1987,umc
irn,1988,umc
irn,1989,umc
irn,1990,lmc
irn,1991,lmc
irn,1992,lmc
irn,1993,lmc
irn,1994,lmc
irn,1995,lmc
irn,1996,lmc
irn,1997,lmc
irn,1998,lmc
irn,1999,lmc
irn,2000,lmc
irn,2001,lmc
irn,2002,lmc
irn,2003,lmc
irn,2004,lmc
irn,2005,lmc
irn,2006,lmc
irn,2007,lmc
irn,2008,lmc
irn,2009,umc
irn,2010,umc
irn,2011,umc
irn,2012,umc
irn,2013,umc
irn,2014,umc
irn,2015,umc
irn,2016,umc
irn,2017,umc
irn,2018,umc
irn,2019,umc
irq,1987,umc
irq,1988,umc
irq,1989,umc
irq,1990,umc
irq,1991,lmc
irq,1992,lmc
irq,1993,lmc
irq,1994,lmc
irq,1995,lmc
irq,1996,lmc
irq,1997,lmc
irq,1998,lmc
irq,1999,lmc
irq,2000,lmc
irq,2001,lmc
irq,2002,lmc
irq,2003,lmc
irq,2004,lmc
irq,2005,lmc
irq,2006,lmc
irq,2007,lmc
irq,2008,lmc
irq,2009,lmc
irq,2010,lmc
irq,2011,lmc
irq,2012,umc
irq,2013,umc
irq,2014,umc
irq,2015,umc
irq,2016,umc
irq,2017,umc
irq,2018,umc
irq,2019,umc
isl,1987,hic
isl,1988,hic
isl,1989,hic
isl,1990,hic
isl,1991,hic
isl,1992,hic
isl,1993,hic
isl,1994,hic
isl,1995,hic
isl,1996,hic
isl,1997,hic
isl,1998,hic
isl,1999,hic
isl,2000,hic
isl,2001,hic
isl,2002,hic
isl,2003,hic
isl,2004,hic
isl,2005,hic
isl,2006,hic
isl,2007,hic
isl,2008,hic
isl,2009,hic
isl,2010,hic
isl,2011,hic
isl,2012,hic
isl,2013,hic
isl,2014,hic
isl,2015,hic
isl,2016,hic
isl,2017,hic
isl,2018,hic
isl,2019,hic
isr,1987,hic
isr,1988,hic
isr,1989,hic
isr,1990,hic
isr,1991,hic
isr,1992,hic
isr,1993,hic
isr,1994,hic
isr,1995,hic
isr,1996,hic
isr,1997,hic
isr,1998,hic
isr,1999,hic
isr,2000,hic
isr,2001,hic
isr,2002,hic
isr,2003,hic
isr,2004,hic
isr,2005,hic
isr,2006,hic
isr,2007,hic
isr,2008,hic
isr,2009,hic
isr,2010,hic
isr,2011,hic
isr,2012,hic
isr,2013,hic
isr,2014,hic
isr,2015,hic
isr,2016,hic
isr,2017,hic
isr,2018,hic
isr,2019,hic
ita,1987,hic
ita,1988,hic
ita,1989,hic
ita,1990,hic
ita,1991,hic
ita,1992,hic
ita,1993,hic
ita,1994,hic
ita,1995,hic
ita,1996,hic
ita,1997,hic
ita,1998,hic
ita,1999,hic
ita,2000,hic
ita,2001,hic
ita,2002,hic
ita,2003,hic
ita,2004,hic
ita,2005,hic
ita,2006,hic
ita,2007,hic
ita,2008,hic
ita,2009,hic
ita,2010,hic
ita,2011,hic
ita,2012,hic
ita,2013,hic
ita,2014,hic
ita,2015,hic
ita,2016,hic
ita,2017,hic
ita,2018,hic
ita,2019,hic
jam,1987,lmc
jam,1988,lmc
jam,1989,lmc
jam,1990,lmc
jam,1991,lmc
jam,1992,lmc
jam,1993,lmc
jam,1994,lmc
jam,1995,lmc
jam,1996,lmc
jam,1997,lmc
jam,1998,lmc
jam,1999,lmc
jam,2000,lmc
jam,2001,lmc
jam,2002,lmc
jam,2003,lmc
jam,2004,lmc
jam,2005,lmc
jam,2006,lmc
jam,2007,umc
jam,2008,umc
jam,2009,umc
jam,2010,umc
jam,2011,umc
jam,2012,umc
jam,2013,umc
jam,2014,umc
jam,2015,umc
jam,2016,umc
jam,2017,umc
jam,2018,umc
jam,2019,umc
jor,1987,lmc
jor,1988,lmc
jor,1989,lmc
jor,1990,lmc
jor,1991,lmc
jor,1992,lmc
jor,1993,lmc
jor,1994,lmc
jor,1995,lmc
jor,1996,lmc
jor,1997,lmc
jor,1998,lmc
jor,1999,lmc
jor,2000,lmc
jor,2001,lmc
jor,2002,lmc
jor,2003,lmc
jor,2004,lmc
jor,2005,lmc
jor,2006,lmc
jor,2007,lmc
jor,2008,lmc
jor,2009,lmc
jor,2010,umc
jor,2011,umc
jor,2012,umc
jor,2013,umc
jor,2014,umc
jor,2015,umc
jor,2016,lmc
jor,2017,umc
jor,2018,umc
jor,2019,umc
jpn,1987,hic
jpn,1988,hic
jpn,1989,hic
jpn,1990,hic
jpn,1991,hic
jpn,1992,hic
jpn,1993,hic
jpn,1994,hic
jpn,1995,hic
jpn,1996,hic
jpn,1997,hic
jpn,1998,hic
jpn,1999,hic
jpn,2000,hic
jpn,2001,hic
jpn,2002,hic
jpn,2003,hic
jpn,2004,hic
jpn,2005,hic
jpn,2006,hic
jpn,2007,hic
jpn,2008,hic
jpn,2009,hic
jpn,2010,hic
jpn,2011,hic
jpn,2012,hic
jpn,2013,hic
jpn,2014,hic
jpn,2015,hic
jpn,2016,hic
jpn,2017,hic
jpn,2018,hic
jpn,2019,hic
kaz,1987,lmc
kaz,1988,lmc
kaz,1989,lmc
kaz,1990,lmc
kaz,1991,lmc
kaz,1992,lmc
kaz,1993,lmc
kaz,1994,lmc
kaz,1995,lmc
kaz,1996,lmc
kaz,1997,lmc
kaz,1998,lmc
kaz,1999,lmc
kaz,2000,lmc
kaz,2001,lmc
kaz,2002,lmc
kaz,2003,lmc
kaz,2004,lmc
kaz,2005,lmc
kaz,2006,umc
kaz,2007,umc
kaz,2008,umc
kaz,2009,umc
kaz,2010,umc
kaz,2011,umc
kaz,2012,umc
kaz,2013,umc
kaz,2014,umc
kaz,2015,umc
kaz,2016,umc
kaz,2017,umc
kaz,2018,umc
kaz,2019,umc
ken,1987,lic
ken,1988,lic
ken,1989,lic
ken,1990,lic
ken,1991,lic
ken,1992,lic
ken,1993,lic
ken,1994,lic
ken,1995,lic
ken,1996,lic
ken,1997,lic
ken,1998,lic
ken,1999,lic
ken,2000,lic
ken,2001,lic
ken,2002,lic
ken,2003,lic
ken,2004,lic
ken,2005,lic
ken,2006,lic
ken,2007,lic
ken,2008,lic
ken,2009,lic
ken,2010,lic
ken,2011,lic
ken,2012,lic
ken,2013,lic
ken,2014,lmc
ken,2015,lmc
ken,2016,lmc
ken,2017,lmc
ken,2018,lmc
ken,2019,lmc
kgz,1987,lmc
kgz,1988,lmc
kgz,1989,lmc
kgz,1990,lmc
kgz,1991,lmc
kgz,1992,lmc
kgz,1993,lmc
kgz,1994,lic
kgz,1995,lic
kgz,1996,lic
kgz,1997,lic
kgz,1998,lic
kgz,1999,lic
kgz,2000,lic
kgz,2001,lic
kgz,2002,lic
kgz,2003,lic
kgz,2004,lic
kgz,2005,lic
kgz,2006,lic
kgz,2007,lic
kgz,2008,lic
kgz,2009,lic
kgz,2010,lic
kgz,2011,lic
kgz,2012,lic
kgz,2013,lmc
kgz,2014,lmc
kgz,2015,lmc
kgz,2016,lmc
kgz,2017,lmc
kgz,2018,lmc
kgz,2019,lmc
khm,1987,lic
khm,1988,lic
khm,1989,lic
khm,1990,lic
khm,1991,lic
khm,1992,lic
khm,1993,lic
khm,1994,lic
khm,1995,lic
khm,1996,lic
khm,1997,lic
khm,1998,lic
khm,1999,lic
khm,2000,lic
khm,2001,lic
khm,2002,lic
khm,2003,lic
khm,2004,lic
khm,2005,lic
khm,2006,lic
khm,2007,lic
khm,2008,lic
khm,2009,lic
khm,2010,lic
khm,2011,lic
khm,2012,lic
khm,2013,lic
khm,2014,lic
khm,2015,lmc
khm,2016,lmc
khm,2017,lmc
khm,2018,lmc
khm,2019,lmc
kir,1987,lmc
kir,1988,lmc
kir,1989,lmc
kir,1990,lmc
kir,1991,lmc
kir,1992,lmc
kir,1993,lmc
kir,1994,lmc
kir,1995,lmc
kir,1996,lmc
kir,1997,lmc
kir,1998,lmc
kir,1999,lmc
kir,2000,lmc
kir,2001,lmc
kir,2002,lmc
kir,2003,lmc
kir,2004,lmc
kir,2005,lmc
kir,2006,lmc
kir,2007,lmc
kir,2008,lmc
kir,2009,lmc
kir,2010,lmc
kir,2011,lmc
kir,2012,lmc
kir,2013,lmc
kir,2014,lmc
kir,2015,lmc
kir,2016,lmc
kir,2017,lmc
kir,2018,lmc
kir,2019,lmc
kna,1987,umc
kna,1988,umc
kna,1989,umc
kna,1990,umc
kna,1991,umc
kna,1992,umc
kna,1993,umc
kna,1994,umc
kna,1995,umc
kna,1996,umc
kna,1997,umc
kna,1998,umc
kna,1999,umc
kna,2000,umc
kna,2001,umc
kna,2002,umc
kna,2003,umc
kna,2004,umc
kna,2005,umc
kna,2006,umc
kna,2007,umc
kna,2008,umc
kna,2009,umc
kna,2010,umc
kna,2011,hic
kna,2012,hic
kna,2013,hic
kna,2014,hic
kna,2015,hic
kna,2016,hic
kna,2017,hic
kna,2018,hic
kna,2019,hic
kor,1987,umc
kor,1988,umc
kor,1989,umc
kor,1990,umc
kor,1991,umc
kor,1992,umc
kor,1993,umc
kor,1994,umc
kor,1995,hic
kor,1996,hic
kor,1997,hic
kor,1998,umc
kor,1999,umc
kor,2000,umc
kor,2001,hic
kor,2002,hic
kor,2003,hic
kor,2004,hic
kor,2005,hic
kor,2006,hic
kor,2007,hic
kor,2008,hic
kor,2009,hic
kor,2010,hic
kor,2011,hic
kor,2012,hic
kor,2013,hic
kor,2014,hic
kor,2015,hic
kor,2016,hic
kor,2017,hic
kor,2018,hic
kor,2019,hic
kwt,1987,hic
kwt,1988,hic
kwt,1989,hic
kwt,1990,hic
kwt,1991,hic
kwt,1992,hic
kwt,1993,hic
kwt,1994,hic
kwt,1995,hic
kwt,1996,hic
kwt,1997,hic
kwt,1998,hic
kwt,1999,hic
kwt,2000,hic
kwt,2001,hic
kwt,2002,hic
kwt,2003,hic
kwt,2004,hic
kwt,2005,hic
kwt,2006,hic
kwt,2007,hic
kwt,2008,hic
kwt,2009,hic
kwt,2010,hic
kwt,2011,hic
kwt,2012,hic
kwt,2013,hic
kwt,2014,hic
kwt,2015,hic
kwt,2016,hic
kwt,2017,hic
kwt,2018,hic
kwt,2019,hic
lao,1987,lic
lao,1988,lic
lao,1989,lic
lao,1990,lic
lao,1991,lic
lao,1992,lic
lao,1993,lic
lao,1994,lic
lao,1995,lic
lao,1996,lic
lao,1997,lic
lao,1998,lic
lao,1999,lic
lao,2000,lic
lao,2001,lic
lao,2002,lic
lao,2003,lic
lao,2004,lic
lao,2005,lic
lao,2006,lic
lao,2007,lic
lao,2008,lic
lao,2009,lic
lao,2010,lmc
lao,2011,lmc
lao,2012,lmc
lao,2013,lmc
lao,2014,lmc
lao,2015,lmc
lao,2016,lmc
lao,2017,lmc
lao,2018,lmc
lao,2019,lmc
lbn,1987,lmc
lbn,1988,lmc
lbn,1989,lmc
lbn,1990,lmc
lbn,1991,lmc
lbn,1992,lmc
lbn,1993,lmc
lbn,1994,lmc
lbn,1995,lmc
lbn,1996,lmc
lbn,1997,umc
lbn,1998,umc
lbn,1999,umc
lbn,2000,umc
lbn,2001,umc
lbn,2002,umc
lbn,2003,umc
lbn,2004,umc
lbn,2005,umc
lbn,2006,umc
lbn,2007,umc
lbn,2008,umc
lbn,2009,umc
lbn,2010,umc
lbn,2011,umc
lbn,2012,umc
lbn,2013,umc
lbn,2014,umc
lbn,2015,umc
lbn,2016,umc
lbn,2017,umc
lbn,2018,umc
lbn,2019,umc
lbr,1987,lic
lbr,1988,lic
lbr,1989,lic
lbr,1990,lic
lbr,1991,lic
lbr,1992,lic
lbr,1993,lic
lbr,1994,lic
lbr,1995,lic
lbr,1996,lic
lbr,1997,lic
lbr,1998,lic
lbr,1999,lic
lbr,2000,lic
lbr,2001,lic
lbr,2002,lic
lbr,2003,lic
lbr,2004,lic
lbr,2005,lic
lbr,2006,lic
lbr,2007,lic
lbr,2008,lic
lbr,2009,lic
lbr,2010,lic
lbr,2011,lic
lbr,2012,lic
lbr,2013,lic
lbr,2014,lic
lbr,2015,lic
lbr,2016,lic
lbr,2017,lic
lbr,2018,lic
lbr,2019,lic
lby,1987,umc
lby,1988,umc
lby,1989,umc
lby,1990,umc
lby,1991,umc
lby,1992,umc
lby,1993,umc
lby,1994,umc
lby,1995,umc
lby,1996,umc
lby,1997,umc
lby,1998,umc
lby,1999,umc
lby,2000,umc
lby,2001,umc
lby,2002,umc
lby,2003,umc
lby,2004,umc
lby,2005,umc
lby,2006,umc
lby,2007,umc
lby,2008,umc
lby,2009,umc
lby,2010,umc
lby,2011,umc
lby,2012,umc
lby,2013,umc
lby,2014,umc
lby,2015,umc
lby,2016,umc
lby,2017,umc
lby,2018,umc
lby,2019,umc
lca,1987,lmc
lca,1988,lmc
lca,1989,lmc
lca,1990,lmc
lca,1991,lmc
lca,1992,umc
lca,1993,umc
lca,1994,umc
lca,1995,umc
lca,1996,umc
lca,1997,umc
lca,1998,umc
lca,1999,umc
lca,2000,umc
lca,2001,umc
lca,2002,umc
lca,2003,umc
lca,2004,umc
lca,2005,umc
lca,2006,umc
lca,2007,umc
lca,2008,umc
lca,2009,umc
lca,2010,umc
lca,2011,umc
lca,2012,umc
lca,2013,umc
lca,2014,umc
lca,2015,umc
lca,2016,umc
lca,2017,umc
lca,2018,umc
lca,2019,umc
lie,1987,hic
lie,1988,hic
lie,1989,hic
lie,1990,hic
lie,1991,hic
lie,1992,hic
lie,1993,hic
lie,1994,hic
lie,1995,hic
lie,1996,hic
lie,1997,hic
lie,1998,hic
lie,1999,hic
lie,2000,hic
lie,2001,hic
lie,2002,hic
lie,2003,hic
lie,2004,hic
lie,2005,hic
lie,2006,hic
lie,2007,hic
lie,2008,hic
lie,2009,hic
lie,2010,hic
lie,2011,hic
lie,2012,hic
lie,2013,hic
lie,2014,hic
lie,2015,hic
lie,2016,hic
lie,2017,hic
lie,2018,hic
lie,2019,hic
lka,1987,lic
lka,1988,lic
lka,1989,lic
lka,1990,lic
lka,1991,lic
lka,1992,lic
lka,1993,lic
lka,1994,lic
lka,1995,lic
lka,1996,lic
lka,1997,lmc
lka,1998,lmc
lka,1999,lmc
lka,2000,lmc
lka,2001,lmc
lka,2002,lmc
lka,2003,lmc
lka,2004,lmc
lka,2005,lmc
lka,2006,lmc
lka,2007,lmc
lka,2008,lmc
lka,2009,lmc
lka,2010,lmc
lka,2011,lmc
lka,2012,lmc
lka,2013,lmc
lka,2014,lmc
lka,2015,lmc
lka,2016,lmc
lka,2017,lmc
lka,2018,umc
lka,2019,lmc
lso,1987,lic
lso,1988,lic
lso,1989,lic
lso,1990,lic
lso,1991,lic
lso,1992,lic
lso,1993,lic
lso,1994,lic
lso,1995,lmc
lso,1996,lic
lso,1997,lic
lso,1998,lic
lso,1999,lic
lso,2000,lic
lso,2001,lic
lso,2002,lic
lso,2003,lic
lso,2004,lic
lso,2005,lmc
lso,2006,lmc
lso,2007,lmc
lso,2008,lmc
lso,2009,lmc
lso,2010,lmc
lso,2011,lmc
lso,2012,lmc
lso,2013,lmc
lso,2014,lmc
lso,2015,lmc
lso,2016,lmc
lso,2017,lmc
lso,2018,lmc
lso,2019,lmc
ltu,1987,umc
ltu,1988,umc
ltu,1989,umc
ltu,1990,umc
ltu,1991,umc
ltu,1992,lmc
ltu,1993,lmc
ltu,1994,lmc
ltu,1995,lmc
ltu,1996,lmc
ltu,1997,lmc
ltu,1998,lmc
ltu,1999,lmc
ltu,2000,lmc
ltu,2001,umc
ltu,2002,umc
ltu,2003,umc
ltu,2004,umc
ltu,2005,umc
ltu,2006,umc
ltu,2007,umc
ltu,2008,umc
ltu,2009,umc
ltu,2010,umc
ltu,2011,umc
ltu,2012,hic
ltu,2013,hic
ltu,2014,hic
ltu,2015,hic
ltu,2016,hic
ltu,2017,hic
ltu,2018,hic
ltu,2019,hic
lux,1987,hic
lux,1988,hic
lux,1989,hic
lux,1990,hic
lux,1991,hic
lux,1992,hic
lux,1993,hic
lux,1994,hic
lux,1995,hic
lux,1996,hic
lux,1997,hic
lux,1998,hic
lux,1999,hic
lux,2000,hic
lux,2001,hic
lux,2002,hic
lux,2003,hic
lux,2004,hic
lux,2005,hic
lux,2006,hic
lux,2007,hic
lux,2008,hic
lux,2009,hic
lux,2010,hic
lux,2011,hic
lux,2012,hic
lux,2013,hic
lux,2014,hic
lux,2015,hic
lux,2016,hic
lux,2017,hic
lux,2018,hic
lux,2019,hic
lva,1987,umc
lva,1988,umc
lva,1989,umc
lva,1990,umc
lva,1991,umc
lva,1992,lmc
lva,1993,lmc
lva,1994,lmc
lva,1995,lmc
lva,1996,lmc
lva,1997,lmc
lva,1998,lmc
lva,1999,lmc
lva,2000,lmc
lva,2001,umc
lva,2002,umc
lva,2003,umc
lva,2004,umc
lva,2005,umc
lva,2006,umc
lva,2007,umc
lva,2008,umc
lva,2009,hic
lva,2010,umc
lva,2011,umc
lva,2012,hic
lva,2013,hic
lva,2014,hic
lva,2015,hic
lva,2016,hic
lva,2017,hic
lva,2018,hic
lva,2019,hic
mac,1987,umc
mac,1988,umc
mac,1989,umc
mac,1990,umc
mac,1991,umc
mac,1992,umc
mac,1993,umc
mac,1994,hic
mac,1995,hic
mac,1996,hic
mac,1997,hic
mac,1998,hic
mac,1999,hic
mac,2000,hic
mac,2001,hic
mac,2002,hic
mac,2003,hic
mac,2004,hic
mac,2005,hic
mac,2006,hic
mac,2007,hic
mac,2008,hic
mac,2009,hic
mac,2010,hic
mac,2011,hic
mac,2012,hic
mac,2013,hic
mac,2014,hic
mac,2015,hic
mac,2016,hic
mac,2017,hic
mac,2018,hic
mac,2019,hic
maf,1987,hic
maf,1988,hic
maf,1989,hic
maf,1990,hic
maf,1991,hic
maf,1992,hic
maf,1993,hic
maf,1994,hic
maf,1995,hic
maf,1996,hic
maf,1997,hic
maf,1998,hic
maf,1999,hic
maf,2000,hic
maf,2001,hic
maf,2002,hic
maf,2003,hic
maf,2004,hic
maf,2005,hic
maf,2006,hic
maf,2007,hic
maf,2008,hic
maf,2009,hic
maf,2010,hic
maf,2011,hic
maf,2012,hic
maf,2013,hic
maf,2014,hic
maf,2015,hic
maf,2016,hic
maf,2017,hic
maf,2018,hic
maf,2019,hic
mar,1987,lmc
mar,1988,lmc
mar,1989,lmc
mar,1990,lmc
mar,1991,lmc
mar,1992,lmc
mar,1993,lmc
mar,1994,lmc
mar,1995,lmc
mar,1996,lmc
mar,1997,lmc
mar,1998,lmc
mar,1999,lmc
mar,2000,lmc
mar,2001,lmc
mar,2002,lmc
mar,2003,lmc
mar,2004,lmc
mar,2005,lmc
mar,2006,lmc
mar,2007,lmc
mar,2008,lmc
mar,2009,lmc
mar,2010,lmc
mar,2011,lmc
mar,2012,lmc
mar,2013,lmc
mar,2014,lmc
mar,2015,lmc
mar,2016,lmc
mar,2017,lmc
mar,2018,lmc
mar,2019,lmc
mco,1987,hic
mco,1988,hic
mco,1989,hic
mco,1990,hic
mco,1991,hic
mco,1992,hic
mco,1993,hic
mco,1994,hic
mco,1995,hic
mco,1996,hic
mco,1997,hic
mco,1998,hic
mco,1999,hic
mco,2000,hic
mco,2001,hic
mco,2002,hic
mco,2003,hic
mco,2004,hic
mco,2005,hic
mco,2006,hic
mco,2007,hic
mco,2008,hic
mco,2009,hic
mco,2010,hic
mco,2011,hic
mco,2012,hic
mco,2013,hic
mco,2014,hic
mco,2015,hic
mco,2016,hic
mco,2017,hic
mco,2018,hic
mco,2019,hic
mda,1987,lmc
mda,1988,lmc
mda,1989,lmc
mda,1990,lmc
mda,1991,lmc
mda,1992,lmc
mda,1993,lmc
mda,1994,lmc
mda,1995,lmc
mda,1996,lic
mda,1997,lic
mda,1998,lic
mda,1999,lic
mda,2000,lic
mda,2001,lic
mda,2002,lic
mda,2003,lic
mda,2004,lic
mda,2005,lmc
mda,2006,lmc
mda,2007,lmc
mda,2008,lmc
mda,2009,lmc
mda,2010,lmc
mda,2011,lmc
mda,2012,lmc
mda,2013,lmc
mda,2014,lmc
mda,2015,lmc
mda,2016,lmc
mda,2017,lmc
mda,2018,lmc
mda,2019,lmc
mdg,1987,lic
mdg,1988,lic
mdg,1989,lic
mdg,1990,lic
mdg,1991,lic
mdg,1992,lic
mdg,1993,lic
mdg,1994,lic
mdg,1995,lic
mdg,1996,lic
mdg,1997,lic
mdg,1998,lic
mdg,1999,lic
mdg,2000,lic
mdg,2001,lic
mdg,2002,lic
mdg,2003,lic
mdg,2004,lic
mdg,2005,lic
mdg,2006,lic
mdg,2007,lic
mdg,2008,lic
mdg,2009,lic
mdg,2010,lic
mdg,2011,lic
mdg,2012,lic
mdg,2013,lic
mdg,2014,lic
mdg,2015,lic
mdg,2016,lic
mdg,2017,lic
mdg,2018,lic
mdg,2019,lic
mdv,1987,lic
mdv,1988,lic
mdv,1989,lic
mdv,1990,lic
mdv,1991,lic
mdv,1992,lic
mdv,1993,lmc
mdv,1994,lmc
mdv,1995,lmc
mdv,1996,lmc
mdv,1997,lmc
mdv,1998,lmc
mdv,1999,lmc
mdv,2000,lmc
mdv,2001,lmc
mdv,2002,lmc
mdv,2003,lmc
mdv,2004,lmc
mdv,2005,lmc
mdv,2006,lmc
mdv,2007,lmc
mdv,2008,lmc
mdv,2009,lmc
mdv,2010,umc
mdv,2011,umc
mdv,2012,umc
mdv,2013,umc
mdv,2014,umc
mdv,2015,umc
mdv,2016,umc
mdv,2017,umc
mdv,2018,umc
mdv,2019,umc
mex,1987,lmc
mex,1988,lmc
mex,1989,lmc
mex,1990,umc
mex,1991,umc
mex,1992,umc
mex,1993,umc
mex,1994,umc
mex,1995,umc
mex,1996,umc
mex,1997,umc
mex,1998,umc
mex,1999,umc
mex,2000,umc
mex,2001,umc
mex,2002,umc
mex,2003,umc
mex,2004,umc
mex,2005,umc
mex,2006,umc
mex,2007,umc
mex,2008,umc
mex,2009,umc
mex,2010,umc
mex,2011,umc
mex,2012,umc
mex,2013,umc
mex,2014,umc
mex,2015,umc
mex,2016,umc
mex,2017,umc
mex,2018,umc
mex,2019,umc
mhl,1987,lmc
mhl,1988,lmc
mhl,1989,lmc
mhl,1990,lmc
mhl,1991,lmc
mhl,1992,lmc
mhl,1993,lmc
mhl,1994,lmc
mhl,1995,lmc
mhl,1996,lmc
mhl,1997,lmc
mhl,1998,lmc
mhl,1999,lmc
mhl,2000,lmc
mhl,2001,lmc
mhl,2002,lmc
mhl,2003,lmc
mhl,2004,lmc
mhl,2005,lmc
mhl,2006,lmc
mhl,2007,lmc
mhl,2008,lmc
mhl,2009,lmc
mhl,2010,lmc
mhl,2011,lmc
mhl,2012,umc
mhl,2013,umc
mhl,2014,umc
mhl,2015,umc
mhl,2016,umc
mhl,2017,umc
mhl,2018,umc
mhl,2019,umc
mkd,1987,lmc
mkd,1988,lmc
mkd,1989,lmc
mkd,1990,lmc
mkd,1991,lmc
mkd,1992,lmc
mkd,1993,lmc
mkd,1994,lmc
mkd,1995,lmc
mkd,1996,lmc
mkd,1997,lmc
mkd,1998,lmc
mkd,1999,lmc
mkd,2000,lmc
mkd,2001,lmc
mkd,2002,lmc
mkd,2003,lmc
mkd,2004,lmc
mkd,2005,lmc
mkd,2006,lmc
mkd,2007,lmc
mkd,2008,umc
mkd,2009,umc
mkd,2010,umc
mkd,2011,umc
mkd,2012,umc
mkd,2013,umc
mkd,2014,umc
mkd,2015,umc
mkd,2016,umc
mkd,2017,umc
mkd,2018,umc
mkd,2019,umc
mli,1987,lic
mli,1988,lic
mli,1989,lic
mli,1990,lic
mli,1991,lic
mli,1992,lic
mli,1993,lic
mli,1994,lic
mli,1995,lic
mli,1996,lic
mli,1997,lic
mli,1998,lic
mli,1999,lic
mli,2000,lic
mli,2001,lic
mli,2002,lic
mli,2003,lic
mli,2004,lic
mli,2005,lic
mli,2006,lic
mli,2007,lic
mli,2008,lic
mli,2009,lic
mli,2010,lic
mli,2011,lic
mli,2012,lic
mli,2013,lic
mli,2014,lic
mli,2015,lic
mli,2016,lic
mli,2017,lic
mli,2018,lic
mli,2019,lic
mlt,1987,umc
mlt,1988,umc
mlt,1989,hic
mlt,1990,umc
mlt,1991,umc
mlt,1992,umc
mlt,1993,umc
mlt,1994,umc
mlt,1995,umc
mlt,1996,umc
mlt,1997,umc
mlt,1998,hic
mlt,1999,umc
mlt,2000,hic
mlt,2001,umc
mlt,2002,hic
mlt,2003,hic
mlt,2004,hic
mlt,2005,hic
mlt,2006,hic
mlt,2007,hic
mlt,2008,hic
mlt,2009,hic
mlt,2010,hic
mlt,2011,hic
mlt,2012,hic
mlt,2013,hic
mlt,2014,hic
mlt,2015,hic
mlt,2016,hic
mlt,2017,hic
mlt,2018,hic
mlt,2019,hic
mmr,1987,lic
mmr,1988,lic
mmr,1989,lic
mmr,1990,lic
mmr,1991,lic
mmr,1992,lic
mmr,1993,lic
mmr,1994,lic
mmr,1995,lic
mmr,1996,lic
mmr,1997,lic
mmr,1998,lic
mmr,1999,lic
mmr,2000,lic
mmr,2001,lic
mmr,2002,lic
mmr,2003,lic
mmr,2004,lic
mmr,2005,lic
mmr,2006,lic
mmr,2007,lic
mmr,2008,lic
mmr,2009,lic
mmr,2010,lic
mmr,2011,lic
mmr,2012,lic
mmr,2013,lic
mmr,2014,lmc
mmr,2015,lmc
mmr,2016,lmc
mmr,2017,lmc
mmr,2018,lmc
mmr,2019,lmc
mne,1987,umc
mne,1988,umc
mne,1989,umc
mne,1990,umc
mne,1991,umc
mne,1992,umc
mne,1993,umc
mne,1994,umc
mne,1995,umc
mne,1996,umc
mne,1997,umc
mne,1998,umc
mne,1999,umc
mne,2000,umc
mne,2001,umc
mne,2002,umc
mne,2003,umc
mne,2004,umc
mne,2005,umc
mne,2006,umc
mne,2007,umc
mne,2008,umc
mne,2009,umc
mne,2010,umc
mne,2011,umc
mne,2012,umc
mne,2013,umc
mne,2014,umc
mne,2015,umc
mne,2016,umc
mne,2017,umc
mne,2018,umc
mne,2019,umc
mng,1987,lmc
mng,1988,lmc
mng,1989,lmc
mng,1990,lmc
mng,1991,lmc
mng,1992,lmc
mng,1993,lic
mng,1994,lic
mng,1995,lic
mng,1996,lic
mng,1997,lic
mng,1998,lic
mng,1999,lic
mng,2000,lic
mng,2001,lic
mng,2002,lic
mng,2003,lic
mng,2004,lic
mng,2005,lic
mng,2006,lic
mng,2007,lmc
mng,2008,lmc
mng,2009,lmc
mng,2010,lmc
mng,2011,lmc
mng,2012,lmc
mng,2013,lmc
mng,2014,umc
mng,2015,lmc
mng,2016,lmc
mng,2017,lmc
mng,2018,lmc
mng,2019,lmc
mnp,1987,lmc
mnp,1988,lmc
mnp,1989,lmc
mnp,1990,lmc
mnp,1991,lmc
mnp,1992,lmc
mnp,1993,lmc
mnp,1994,lmc
mnp,1995,hic
mnp,1996,hic
mnp,1997,hic
mnp,1998,hic
mnp,1999,hic
mnp,2000,hic
mnp,2001,hic
mnp,2002,umc
mnp,2003,umc
mnp,2004,umc
mnp,2005,umc
mnp,2006,umc
mnp,2007,hic
mnp,2008,hic
mnp,2009,hic
mnp,2010,hic
mnp,2011,hic
mnp,2012,hic
mnp,2013,hic
mnp,2014,hic
mnp,2015,hic
mnp,2016,hic
mnp,2017,hic
mnp,2018,hic
mnp,2019,hic
moz,1987,lic
moz,1988,lic
moz,1989,lic
moz,1990,lic
moz,1991,lic
moz,1992,lic
moz,1993,lic
moz,1994,lic
moz,1995,lic
moz,1996,lic
moz,1997,lic
moz,1998,lic
moz,1999,lic
moz,2000,lic
moz,2001,lic
moz,2002,lic
moz,2003,lic
moz,2004,lic
moz,2005,lic
moz,2006,lic
moz,2007,lic
moz,2008,lic
moz,2009,lic
moz,2010,lic
moz,2011,lic
moz,2012,lic
moz,2013,lic
moz,2014,lic
moz,2015,lic
moz,2016,lic
moz,2017,lic
moz,2018,lic
moz,2019,lic
mrt,1987,lic
mrt,1988,lic
mrt,1989,lic
mrt,1990,lic
mrt,1991,lic
mrt,1992,lic
mrt,1993,lic
mrt,1994,lic
mrt,1995,lic
mrt,1996,lic
mrt,1997,lic
mrt,1998,lic
mrt,1999,lic
mrt,2000,lic
mrt,2001,lic
mrt,2002,lic
mrt,2003,lic
mrt,2004,lic
mrt,2005,lic
mrt,2006,lic
mrt,2007,lic
mrt,2008,lic
mrt,2009,lic
mrt,2010,lmc
mrt,2011,lic
mrt,2012,lmc
mrt,2013,lmc
mrt,2014,lmc
mrt,2015,lmc
mrt,2016,lmc
mrt,2017,lmc
mrt,2018,lmc
mrt,2019,lmc
mus,1987,lmc
mus,1988,lmc
mus,1989,lmc
mus,1990,lmc
mus,1991,lmc
mus,1992,umc
mus,1993,umc
mus,1994,umc
mus,1995,umc
mus,1996,umc
mus,1997,umc
mus,1998,umc
mus,1999,umc
mus,2000,umc
mus,2001,umc
mus,2002,umc
mus,2003,umc
mus,2004,umc
mus,2005,umc
mus,2006,umc
mus,2007,umc
mus,2008,umc
mus,2009,umc
mus,2010,umc
mus,2011,umc
mus,2012,umc
mus,2013,umc
mus,2014,umc
mus,2015,umc
mus,2016,umc
mus,2017,umc
mus,2018,umc
mus,2019,hic
mwi,1987,lic
mwi,1988,lic
mwi,1989,lic
mwi,1990,lic
mwi,1991,lic
mwi,1992,lic
mwi,1993,lic
mwi,1994,lic
mwi,1995,lic
mwi,1996,lic
mwi,1997,lic
mwi,1998,lic
mwi,1999,lic
mwi,2000,lic
mwi,2001,lic
mwi,2002,lic
mwi,2003,lic
mwi,2004,lic
mwi,2005,lic
mwi,2006,lic
mwi,2007,lic
mwi,2008,lic
mwi,2009,lic
mwi,2010,lic
mwi,2011,lic
mwi,2012,lic
mwi,2013,lic
mwi,2014,lic
mwi,2015,lic
mwi,2016,lic
mwi,2017,lic
mwi,2018,lic
mwi,2019,lic
mys,1987,lmc
mys,1988,lmc
mys,1989,lmc
mys,1990,lmc
mys,1991,lmc
mys,1992,umc
mys,1993,umc
mys,1994,umc
mys,1995,umc
mys,1996,umc
mys,1997,umc
mys,1998,umc
mys,1999,umc
mys,2000,umc
mys,2001,umc
mys,2002,umc
mys,2003,umc
mys,2004,umc
mys,2005,umc
mys,2006,umc
mys,2007,umc
mys,2008,umc
mys,2009,umc
mys,2010,umc
mys,2011,umc
mys,2012,umc
mys,2013,umc
mys,2014,umc
mys,2015,umc
mys,2016,umc
mys,2017,umc
mys,2018,umc
mys,2019,umc
myt,1987,hic
myt,1988,hic
myt,1989,hic
myt,1990,hic
myt,1991,umc
myt,1992,umc
myt,1993,umc
myt,1994,umc
myt,1995,umc
myt,1996,umc
myt,1997,umc
myt,1998,umc
myt,1999,umc
myt,2000,umc
myt,2001,umc
myt,2002,umc
myt,2003,umc
myt,2004,umc
myt,2005,umc
myt,2006,umc
myt,2007,umc
myt,2008,umc
myt,2009,umc
myt,2010,umc
nam,1987,lmc
nam,1988,lmc
nam,1989,lmc
nam,1990,lmc
nam,1991,lmc
nam,1992,lmc
nam,1993,lmc
nam,1994,lmc
nam,1995,lmc
nam,1996,lmc
nam,1997,lmc
nam,1998,lmc
nam,1999,lmc
nam,2000,lmc
nam,2001,lmc
nam,2002,lmc
nam,2003,lmc
nam,2004,lmc
nam,2005,lmc
nam,2006,lmc
nam,2007,lmc
nam,2008,umc
nam,2009,umc
nam,2010,umc
nam,2011,umc
nam,2012,umc
nam,2013,umc
nam,2014,umc
nam,2015,umc
nam,2016,umc
nam,2017,umc
nam,2018,umc
nam,2019,umc
ncl,1987,umc
ncl,1988,umc
ncl,1989,umc
ncl,1990,umc
ncl,1991,umc
ncl,1992,umc
ncl,1993,umc
ncl,1994,umc
ncl,1995,hic
ncl,1996,hic
ncl,1997,hic
ncl,1998,hic
ncl,1999,hic
ncl,2000,hic
ncl,2001,hic
ncl,2002,hic
ncl,2003,hic
ncl,2004,hic
ncl,2005,hic
ncl,2006,hic
ncl,2007,hic
ncl,2008,hic
ncl,2009,hic
ncl,2010,hic
ncl,2011,hic
ncl,2012,hic
ncl,2013,hic
ncl,2014,hic
ncl,2015,hic
ncl,2016,hic
ncl,2017,hic
ncl,2018,hic
ncl,2019,hic
ner,1987,lic
ner,1988,lic
ner,1989,lic
ner,1990,lic
ner,1991,lic
ner,1992,lic
ner,1993,lic
ner,1994,lic
ner,1995,lic
ner,1996,lic
ner,1997,lic
ner,1998,lic
ner,1999,lic
ner,2000,lic
ner,2001,lic
ner,2002,lic
ner,2003,lic
ner,2004,lic
ner,2005,lic
ner,2006,lic
ner,2007,lic
ner,2008,lic
ner,2009,lic
ner,2010,lic
ner,2011,lic
ner,2012,lic
ner,2013,lic
ner,2014,lic
ner,2015,lic
ner,2016,lic
ner,2017,lic
ner,2018,lic
ner,2019,lic
nga,1987,lic
nga,1988,lic
nga,1989,lic
nga,1990,lic
nga,1991,lic
nga,1992,lic
nga,1993,lic
nga,1994,lic
nga,1995,lic
nga,1996,lic
nga,1997,lic
nga,1998,lic
nga,1999,lic
nga,2000,lic
nga,2001,lic
nga,2002,lic
nga,2003,lic
nga,2004,lic
nga,2005,lic
nga,2006,lic
nga,2007,lic
nga,2008,lmc
nga,2009,lmc
nga,2010,lmc
nga,2011,lmc
nga,2012,lmc
nga,2013,lmc
nga,2014,lmc
nga,2015,lmc
nga,2016,lmc
nga,2017,lmc
nga,2018,lmc
nga,2019,lmc
nic,1987,lmc
nic,1988,lmc
nic,1989,lmc
nic,1990,lmc
nic,1991,lic
nic,1992,lic
nic,1993,lic
nic,1994,lic
nic,1995,lic
nic,1996,lic
nic,1997,lic
nic,1998,lic
nic,1999,lic
nic,2000,lic
nic,2001,lic
nic,2002,lic
nic,2003,lic
nic,2004,lic
nic,2005,lmc
nic,2006,lmc
nic,2007,lmc
nic,2008,lmc
nic,2009,lmc
nic,2010,lmc
nic,2011,lmc
nic,2012,lmc
nic,2013,lmc
nic,2014,lmc
nic,2015,lmc
nic,2016,lmc
nic,2017,lmc
nic,2018,lmc
nic,2019,lmc
nld,1987,hic
nld,1988,hic
nld,1989,hic
nld,1990,hic
nld,1991,hic
nld,1992,hic
nld,1993,hic
nld,1994,hic
nld,1995,hic
nld,1996,hic
nld,1997,hic
nld,1998,hic
nld,1999,hic
nld,2000,hic
nld,2001,hic
nld,2002,hic
nld,2003,hic
nld,2004,hic
nld,2005,hic
nld,2006,hic
nld,2007,hic
nld,2008,hic
nld,2009,hic
nld,2010,hic
nld,2011,hic
nld,2012,hic
nld,2013,hic
nld,2014,hic
nld,2015,hic
nld,2016,hic
nld,2017,hic
nld,2018,hic
nld,2019,hic
nor,1987,hic
nor,1988,hic
nor,1989,hic
nor,1990,hic
nor,1991,hic
nor,1992,hic
nor,1993,hic
nor,1994,hic
nor,1995,hic
nor,1996,hic
nor,1997,hic
nor,1998,hic
nor,1999,hic
nor,2000,hic
nor,2001,hic
nor,2002,hic
nor,2003,hic
nor,2004,hic
nor,2005,hic
nor,2006,hic
nor,2007,hic
nor,2008,hic
nor,2009,hic
nor,2010,hic
nor,2011,hic
nor,2012,hic
nor,2013,hic
nor,2014,hic
nor,2015,hic
nor,2016,hic
nor,2017,hic
nor,2018,hic
nor,2019,hic
npl,1987,lic
npl,1988,lic
npl,1989,lic
npl,1990,lic
npl,1991,lic
npl,1992,lic
npl,1993,lic
npl,1994,lic
npl,1995,lic
npl,1996,lic
npl,1997,lic
npl,1998,lic
npl,1999,lic
npl,2000,lic
npl,2001,lic
npl,2002,lic
npl,2003,lic
npl,2004,lic
npl,2005,lic
npl,2006,lic
npl,2007,lic
npl,2008,lic
npl,2009,lic
npl,2010,lic
npl,2011,lic
npl,2012,lic
npl,2013,lic
npl,2014,lic
npl,2015,lic
npl,2016,lic
npl,2017,lic
npl,2018,lic
npl,2019,lmc
nru,1987,hic
nru,1988,hic
nru,1989,hic
nru,1990,hic
nru,1991,hic
nru,1992,hic
nru,1993,hic
nru,1994,hic
nru,1995,hic
nru,1996,hic
nru,1997,hic
nru,1998,hic
nru,1999,hic
nru,2000,hic
nru,2001,hic
nru,2002,hic
nru,2003,hic
nru,2004,hic
nru,2005,hic
nru,2006,hic
nru,2007,hic
nru,2008,hic
nru,2009,hic
nru,2010,hic
nru,2011,hic
nru,2012,hic
nru,2013,hic
nru,2014,hic
nru,2015,hic
nru,2016,umc
nru,2017,umc
nru,2018,umc
nru,2019,hic
nzl,1987,hic
nzl,1988,hic
nzl,1989,hic
nzl,1990,hic
nzl,1991,hic
nzl,1992,hic
nzl,1993,hic
nzl,1994,hic
nzl,1995,hic
nzl,1996,hic
nzl,1997,hic
nzl,1998,hic
nzl,1999,hic
nzl,2000,hic
nzl,2001,hic
nzl,2002,hic
nzl,2003,hic
nzl,2004,hic
nzl,2005,hic
nzl,2006,hic
nzl,2007,hic
nzl,2008,hic
nzl,2009,hic
nzl,2010,hic
nzl,2011,hic
nzl,2012,hic
nzl,2013,hic
nzl,2014,hic
nzl,2015,hic
nzl,2016,hic
nzl,2017,hic
nzl,2018,hic
nzl,2019,hic
omn,1987,umc
omn,1988,umc
omn,1989,umc
omn,1990,umc
omn,1991,umc
omn,1992,umc
omn,1993,umc
omn,1994,umc
omn,1995,umc
omn,1996,umc
omn,1997,umc
omn,1998,umc
omn,1999,umc
omn,2000,umc
omn,2001,umc
omn,2002,umc
omn,2003,umc
omn,2004,umc
omn,2005,umc
omn,2006,umc
omn,2007,hic
omn,2008,hic
omn,2009,hic
omn,2010,hic
omn,2011,hic
omn,2012,hic
omn,2013,hic
omn,2014,hic
omn,2015,hic
omn,2016,hic
omn,2017,hic
omn,2018,hic
omn,2019,hic
pak,1987,lic
pak,1988,lic
pak,1989,lic
pak,1990,lic
pak,1991,lic
pak,1992,lic
pak,1993,lic
pak,1994,lic
pak,1995,lic
pak,1996,lic
pak,1997,lic
pak,1998,lic
pak,1999,lic
pak,2000,lic
pak,2001,lic
pak,2002,lic
pak,2003,lic
pak,2004,lic
pak,2005,lic
pak,2006,lic
pak,2007,lic
pak,2008,lmc
pak,2009,lmc
pak,2010,lmc
pak,2011,lmc
pak,2012,lmc
pak,2013,lmc
pak,2014,lmc
pak,2015,lmc
pak,2016,lmc
pak,2017,lmc
pak,2018,lmc
pak,2019,lmc
pan,1987,umc
pan,1988,lmc
pan,1989,lmc
pan,1990,lmc
pan,1991,lmc
pan,1992,lmc
pan,1993,lmc
pan,1994,lmc
pan,1995,lmc
pan,1996,lmc
pan,1997,lmc
pan,1998,umc
pan,1999,umc
pan,2000,umc
pan,2001,umc
pan,2002,umc
pan,2003,umc
pan,2004,umc
pan,2005,umc
pan,2006,umc
pan,2007,umc
pan,2008,umc
pan,2009,umc
pan,2010,umc
pan,2011,umc
pan,2012,umc
pan,2013,umc
pan,2014,umc
pan,2015,umc
pan,2016,umc
pan,2017,hic
pan,2018,hic
pan,2019,hic
per,1987,lmc
per,1988,lmc
per,1989,lmc
per,1990,lmc
per,1991,lmc
per,1992,lmc
per,1993,lmc
per,1994,lmc
per,1995,lmc
per,1996,lmc
per,1997,lmc
per,1998,lmc
per,1999,lmc
per,2000,lmc
per,2001,lmc
per,2002,lmc
per,2003,lmc
per,2004,lmc
per,2005,lmc
per,2006,lmc
per,2007,lmc
per,2008,umc
per,2009,umc
per,2010,umc
per,2011,umc
per,2012,umc
per,2013,umc
per,2014,umc
per,2015,umc
per,2016,umc
per,2017,umc
per,2018,umc
per,2019,umc
phl,1987,lmc
phl,1988,lmc
phl,1989,lmc
phl,1990,lmc
phl,1991,lmc
phl,1992,lmc
phl,1993,lmc
phl,1994,lmc
phl,1995,lmc
phl,1996,lmc
phl,1997,lmc
phl,1998,lmc
phl,1999,lmc
phl,2000,lmc
phl,2001,lmc
phl,2002,lmc
phl,2003,lmc
phl,2004,lmc
phl,2005,lmc
phl,2006,lmc
phl,2007,lmc
phl,2008,lmc
phl,2009,lmc
phl,2010,lmc
phl,2011,lmc
phl,2012,lmc
phl,2013,lmc
phl,2014,lmc
phl,2015,lmc
phl,2016,lmc
phl,2017,lmc
phl,2018,lmc
phl,2019,lmc
plw,1987,umc
plw,1988,umc
plw,1989,umc
plw,1990,umc
plw,1991,umc
plw,1992,umc
plw,1993,umc
plw,1994,umc
plw,1995,umc
plw,1996,umc
plw,1997,umc
plw,1998,umc
plw,1999,umc
plw,2000,umc
plw,2001,umc
plw,2002,umc
plw,2003,umc
plw,2004,umc
plw,2005,umc
plw,2006,umc
plw,2007,umc
plw,2008,umc
plw,2009,umc
plw,2010,umc
plw,2011,umc
plw,2012,umc
plw,2013,umc
plw,2014,umc
plw,2015,umc
plw,2016,hic
plw,2017,hic
plw,2018,hic
plw,2019,hic
png,1987,lmc
png,1988,lmc
png,1989,lmc
png,1990,lmc
png,1991,lmc
png,1992,lmc
png,1993,lmc
png,1994,lmc
png,1995,lmc
png,1996,lmc
png,1997,lmc
png,1998,lmc
png,1999,lmc
png,2000,lmc
png,2001,lic
png,2002,lic
png,2003,lic
png,2004,lic
png,2005,lic
png,2006,lic
png,2007,lic
png,2008,lmc
png,2009,lmc
png,2010,lmc
png,2011,lmc
png,2012,lmc
png,2013,lmc
png,2014,lmc
png,2015,lmc
png,2016,lmc
png,2017,lmc
png,2018,lmc
png,2019,lmc
pol,1987,lmc
pol,1988,lmc
pol,1989,lmc
pol,1990,lmc
pol,1991,lmc
pol,1992,lmc
pol,1993,lmc
pol,1994,lmc
pol,1995,lmc
pol,1996,umc
pol,1997,umc
pol,1998,umc
pol,1999,umc
pol,2000,umc
pol,2001,umc
pol,2002,umc
pol,2003,umc
pol,2004,umc
pol,2005,umc
pol,2006,umc
pol,2007,umc
pol,2008,umc
pol,2009,hic
pol,2010,hic
pol,2011,hic
pol,2012,hic
pol,2013,hic
pol,2014,hic
pol,2015,hic
pol,2016,hic
pol,2017,hic
pol,2018,hic
pol,2019,hic
pri,1987,umc
pri,1988,umc
pri,1989,hic
pri,1990,umc
pri,1991,umc
pri,1992,umc
pri,1993,umc
pri,1994,umc
pri,1995,umc
pri,1996,umc
pri,1997,umc
pri,1998,umc
pri,1999,umc
pri,2000,umc
pri,2001,umc
pri,2002,hic
pri,2003,hic
pri,2004,hic
pri,2005,hic
pri,2006,hic
pri,2007,hic
pri,2008,hic
pri,2009,hic
pri,2010,hic
pri,2011,hic
pri,2012,hic
pri,2013,hic
pri,2014,hic
pri,2015,hic
pri,2016,hic
pri,2017,hic
pri,2018,hic
pri,2019,hic
prk,1987,lmc
prk,1988,lmc
prk,1989,lmc
prk,1990,lmc
prk,1991,lmc
prk,1992,lmc
prk,1993,lmc
prk,1994,lmc
prk,1995,lmc
prk,1996,lmc
prk,1997,lmc
prk,1998,lic
prk,1999,lic
prk,2000,lic
prk,2001,lic
prk,2002,lic
prk,2003,lic
prk,2004,lic
prk,2005,lic
prk,2006,lic
prk,2007,lic
prk,2008,lic
prk,2009,lic
prk,2010,lic
prk,2011,lic
prk,2012,lic
prk,2013,lic
prk,2014,lic
prk,2015,lic
prk,2016,lic
prk,2017,lic
prk,2018,lic
prk,2019,lic
prt,1987,umc
prt,1988,umc
prt,1989,umc
prt,1990,umc
prt,1991,umc
prt,1992,umc
prt,1993,umc
prt,1994,hic
prt,1995,hic
prt,1996,hic
prt,1997,hic
prt,1998,hic
prt,1999,hic
prt,2000,hic
prt,2001,hic
prt,2002,hic
prt,2003,hic
prt,2004,hic
prt,2005,hic
prt,2006,hic
prt,2007,hic
prt,2008,hic
prt,2009,hic
prt,2010,hic
prt,2011,hic
prt,2012,hic
prt,2013,hic
prt,2014,hic
prt,2015,hic
prt,2016,hic
prt,2017,hic
prt,2018,hic
prt,2019,hic
pry,1987,lmc
pry,1988,lmc
pry,1989,lmc
pry,1990,lmc
pry,1991,lmc
pry,1992,lmc
pry,1993,lmc
pry,1994,lmc
pry,1995,lmc
pry,1996,lmc
pry,1997,lmc
pry,1998,lmc
pry,1999,lmc
pry,2000,lmc
pry,2001,lmc
pry,2002,lmc
pry,2003,lmc
pry,2004,lmc
pry,2005,lmc
pry,2006,lmc
pry,2007,lmc
pry,2008,lmc
pry,2009,lmc
pry,2010,lmc
pry,2011,lmc
pry,2012,lmc
pry,2013,lmc
pry,2014,umc
pry,2015,umc
pry,2016,umc
pry,2017,umc
pry,2018,umc
pry,2019,umc
pse,1987,lmc
pse,1988,lmc
pse,1989,lmc
pse,1990,lmc
pse,1991,lmc
pse,1992,lmc
pse,1993,lmc
pse,1994,lmc
pse,1995,lmc
pse,1996,lmc
pse,1997,lmc
pse,1998,lmc
pse,1999,lmc
pse,2000,lmc
pse,2001,lmc
pse,2002,lmc
pse,2003,lmc
pse,2004,lmc
pse,2005,lmc
pse,2006,lmc
pse,2007,lmc
pse,2008,lmc
pse,2009,lmc
pse,2010,lmc
pse,2011,lmc
pse,2012,lmc
pse,2013,lmc
pse,2014,lmc
pse,2015,lmc
pse,2016,lmc
pse,2017,lmc
pse,2018,lmc
pse,2019,lmc
pyf,1987,hic
pyf,1988,hic
pyf,1989,hic
pyf,1990,hic
pyf,1991,hic
pyf,1992,hic
pyf,1993,hic
pyf,1994,hic
pyf,1995,hic
pyf,1996,hic
pyf,1997,hic
pyf,1998,hic
pyf,1999,hic
pyf,2000,hic
pyf,2001,hic
pyf,2002,hic
pyf,2003,hic
pyf,2004,hic
pyf,2005,hic
pyf,2006,hic
pyf,2007,hic
pyf,2008,hic
pyf,2009,hic
pyf,2010,hic
pyf,2011,hic
pyf,2012,hic
pyf,2013,hic
pyf,2014,hic
pyf,2015,hic
pyf,2016,hic
pyf,2017,hic
pyf,2018,hic
pyf,2019,hic
qat,1987,hic
qat,1988,hic
qat,1989,hic
qat,1990,hic
qat,1991,hic
qat,1992,hic
qat,1993,hic
qat,1994,hic
qat,1995,hic
qat,1996,hic
qat,1997,hic
qat,1998,hic
qat,1999,hic
qat,2000,hic
qat,2001,hic
qat,2002,hic
qat,2003,hic
qat,2004,hic
qat,2005,hic
qat,2006,hic
qat,2007,hic
qat,2008,hic
qat,2009,hic
qat,2010,hic
qat,2011,hic
qat,2012,hic
qat,2013,hic
qat,2014,hic
qat,2015,hic
qat,2016,hic
qat,2017,hic
qat,2018,hic
qat,2019,hic
rou,1987,umc
rou,1988,umc
rou,1989,umc
rou,1990,lmc
rou,1991,lmc
rou,1992,lmc
rou,1993,lmc
rou,1994,lmc
rou,1995,lmc
rou,1996,lmc
rou,1997,lmc
rou,1998,lmc
rou,1999,lmc
rou,2000,lmc
rou,2001,lmc
rou,2002,lmc
rou,2003,lmc
rou,2004,lmc
rou,2005,umc
rou,2006,umc
rou,2007,umc
rou,2008,umc
rou,2009,umc
rou,2010,umc
rou,2011,umc
rou,2012,umc
rou,2013,umc
rou,2014,umc
rou,2015,umc
rou,2016,umc
rou,2017,umc
rou,2018,umc
rou,2019,hic
rus,1987,umc
rus,1988,umc
rus,1989,umc
rus,1990,umc
rus,1991,umc
rus,1992,lmc
rus,1993,lmc
rus,1994,lmc
rus,1995,lmc
rus,1996,lmc
rus,1997,lmc
rus,1998,lmc
rus,1999,lmc
rus,2000,lmc
rus,2001,lmc
rus,2002,lmc
rus,2003,lmc
rus,2004,umc
rus,2005,umc
rus,2006,umc
rus,2007,umc
rus,2008,umc
rus,2009,umc
rus,2010,umc
rus,2011,umc
rus,2012,hic
rus,2013,hic
rus,2014,hic
rus,2015,umc
rus,2016,umc
rus,2017,umc
rus,2018,umc
rus,2019,umc
rwa,1987,lic
rwa,1988,lic
rwa,1989,lic
rwa,1990,lic
rwa,1991,lic
rwa,1992,lic
rwa,1993,lic
rwa,1994,lic
rwa,1995,lic
rwa,1996,lic
rwa,1997,lic
rwa,1998,lic
rwa,1999,lic
rwa,2000,lic
rwa,2001,lic
rwa,2002,lic
rwa,2003,lic
rwa,2004,lic
rwa,2005,lic
rwa,2006,lic
rwa,2007,lic
rwa,2008,lic
rwa,2009,lic
rwa,2010,lic
rwa,2011,lic
rwa,2012,lic
rwa,2013,lic
rwa,2014,lic
rwa,2015,lic
rwa,2016,lic
rwa,2017,lic
rwa,2018,lic
rwa,2019,lic
sau,1987,hic
sau,1988,hic
sau,1989,hic
sau,1990,umc
sau,1991,umc
sau,1992,umc
sau,1993,umc
sau,1994,umc
sau,1995,umc
sau,1996,umc
sau,1997,umc
sau,1998,umc
sau,1999,umc
sau,2000,umc
sau,2001,umc
sau,2002,umc
sau,2003,umc
sau,2004,hic
sau,2005,hic
sau,2006,hic
sau,2007,hic
sau,2008,hic
sau,2009,hic
sau,2010,hic
sau,2011,hic
sau,2012,hic
sau,2013,hic
sau,2014,hic
sau,2015,hic
sau,2016,hic
sau,2017,hic
sau,2018,hic
sau,2019,hic
sdn,1987,lic
sdn,1988,lic
sdn,1989,lic
sdn,1990,lic
sdn,1991,lic
sdn,1992,lic
sdn,1993,lic
sdn,1994,lic
sdn,1995,lic
sdn,1996,lic
sdn,1997,lic
sdn,1998,lic
sdn,1999,lic
sdn,2000,lic
sdn,2001,lic
sdn,2002,lic
sdn,2003,lic
sdn,2004,lic
sdn,2005,lic
sdn,2006,lic
sdn,2007,lmc
sdn,2008,lmc
sdn,2009,lmc
sdn,2010,lmc
sdn,2011,lmc
sdn,2012,lmc
sdn,2013,lmc
sdn,2014,lmc
sdn,2015,lmc
sdn,2016,lmc
sdn,2017,lmc
sdn,2018,lmc
sdn,2019,lic
sen,1987,lmc
sen,1988,lmc
sen,1989,lmc
sen,1990,lmc
sen,1991,lmc
sen,1992,lmc
sen,1993,lmc
sen,1994,lic
sen,1995,lic
sen,1996,lic
sen,1997,lic
sen,1998,lic
sen,1999,lic
sen,2000,lic
sen,2001,lic
sen,2002,lic
sen,2003,lic
sen,2004,lic
sen,2005,lic
sen,2006,lic
sen,2007,lic
sen,2008,lic
sen,2009,lmc
sen,2010,lmc
sen,2011,lmc
sen,2012,lmc
sen,2013,lmc
sen,2014,lmc
sen,2015,lic
sen,2016,lic
sen,2017,lic
sen,2018,lmc
sen,2019,lmc
sgp,1987,hic
sgp,1988,hic
sgp,1989,hic
sgp,1990,hic
sgp,1991,hic
sgp,1992,hic
sgp,1993,hic
sgp,1994,hic
sgp,1995,hic
sgp,1996,hic
sgp,1997,hic
sgp,1998,hic
sgp,1999,hic
sgp,2000,hic
sgp,2001,hic
sgp,2002,hic
sgp,2003,hic
sgp,2004,hic
sgp,2005,hic
sgp,2006,hic
sgp,2007,hic
sgp,2008,hic
sgp,2009,hic
sgp,2010,hic
sgp,2011,hic
sgp,2012,hic
sgp,2013,hic
sgp,2014,hic
sgp,2015,hic
sgp,2016,hic
sgp,2017,hic
sgp,2018,hic
sgp,2019,hic
slb,1987,lic
slb,1988,lmc
slb,1989,lic
slb,1990,lic
slb,1991,lic
slb,1992,lmc
slb,1993,lmc
slb,1994,lmc
slb,1995,lmc
slb,1996,lmc
slb,1997,lmc
slb,1998,lic
slb,1999,lic
slb,2000,lic
slb,2001,lic
slb,2002,lic
slb,2003,lic
slb,2004,lic
slb,2005,lic
slb,2006,lic
slb,2007,lic
slb,2008,lmc
slb,2009,lic
slb,2010,lmc
slb,2011,lmc
slb,2012,lmc
slb,2013,lmc
slb,2014,lmc
slb,2015,lmc
slb,2016,lmc
slb,2017,lmc
slb,2018,lmc
slb,2019,lmc
sle,1987,lic
sle,1988,lic
sle,1989,lic
sle,1990,lic
sle,1991,lic
sle,1992,lic
sle,1993,lic
sle,1994,lic
sle,1995,lic
sle,1996,lic
sle,1997,lic
sle,1998,lic
sle,1999,lic
sle,2000,lic
sle,2001,lic
sle,2002,lic
sle,2003,lic
sle,2004,lic
sle,2005,lic
sle,2006,lic
sle,2007,lic
sle,2008,lic
sle,2009,lic
sle,2010,lic
sle,2011,lic
sle,2012,lic
sle,2013,lic
sle,2014,lic
sle,2015,lic
sle,2016,lic
sle,2017,lic
sle,2018,lic
sle,2019,lic
slv,1987,lmc
slv,1988,lmc
slv,1989,lmc
slv,1990,lmc
slv,1991,lmc
slv,1992,lmc
slv,1993,lmc
slv,1994,lmc
slv,1995,lmc
slv,1996,lmc
slv,1997,lmc
slv,1998,lmc
slv,1999,lmc
slv,2000,lmc
slv,2001,lmc
slv,2002,lmc
slv,2003,lmc
slv,2004,lmc
slv,2005,lmc
slv,2006,lmc
slv,2007,lmc
slv,2008,lmc
slv,2009,lmc
slv,2010,lmc
slv,2011,lmc
slv,2012,lmc
slv,2013,lmc
slv,2014,lmc
slv,2015,lmc
slv,2016,lmc
slv,2017,lmc
slv,2018,lmc
slv,2019,lmc
smr,1987,hic
smr,1988,hic
smr,1989,hic
smr,1990,hic
smr,1991,hic
smr,1992,hic
smr,1993,hic
smr,1994,hic
smr,1995,hic
smr,1996,hic
smr,1997,hic
smr,1998,hic
smr,1999,hic
smr,2000,hic
smr,2001,hic
smr,2002,hic
smr,2003,hic
smr,2004,hic
smr,2005,hic
smr,2006,hic
smr,2007,hic
smr,2008,hic
smr,2009,hic
smr,2010,hic
smr,2011,hic
smr,2012,hic
smr,2013,hic
smr,2014,hic
smr,2015,hic
smr,2016,hic
smr,2017,hic
smr,2018,hic
smr,2019,hic
som,1987,lic
som,1988,lic
som,1989,lic
som,1990,lic
som,1991,lic
som,1992,lic
som,1993,lic
som,1994,lic
som,1995,lic
som,1996,lic
som,1997,lic
som,1998,lic
som,1999,lic
som,2000,lic
som,2001,lic
som,2002,lic
som,2003,lic
som,2004,lic
som,2005,lic
som,2006,lic
som,2007,lic
som,2008,lic
som,2009,lic
som,2010,lic
som,2011,lic
som,2012,lic
som,2013,lic
som,2014,lic
som,2015,lic
som,2016,lic
som,2017,lic
som,2018,lic
som,2019,lic
srb,1987,umc
srb,1988,umc
srb,1989,umc
srb,1990,umc
srb,1991,umc
srb,1992,umc
srb,1993,umc
srb,1994,umc
srb,1995,umc
srb,1996,umc
srb,1997,umc
srb,1998,umc
srb,1999,umc
srb,2000,umc
srb,2001,umc
srb,2002,umc
srb,2003,umc
srb,2004,umc
srb,2005,umc
srb,2006,umc
srb,2007,umc
srb,2008,umc
srb,2009,umc
srb,2010,umc
srb,2011,umc
srb,2012,umc
srb,2013,umc
srb,2014,umc
srb,2015,umc
srb,2016,umc
srb,2017,umc
srb,2018,umc
srb,2019,umc
ssd,1987,lmc
ssd,1988,lmc
ssd,1989,lmc
ssd,1990,lmc
ssd,1991,lmc
ssd,1992,lmc
ssd,1993,lmc
ssd,1994,lmc
ssd,1995,lmc
ssd,1996,lmc
ssd,1997,lmc
ssd,1998,lmc
ssd,1999,lmc
ssd,2000,lmc
ssd,2001,lmc
ssd,2002,lmc
ssd,2003,lmc
ssd,2004,lmc
ssd,2005,lmc
ssd,2006,lmc
ssd,2007,lmc
ssd,2008,lmc
ssd,2009,lmc
ssd,2010,lmc
ssd,2011,lmc
ssd,2012,lic
ssd,2013,lmc
ssd,2014,lic
ssd,2015,lic
ssd,2016,lic
ssd,2017,lic
ssd,2018,lic
ssd,2019,lic
stp,1987,lic
stp,1988,lic
stp,1989,lic
stp,1990,lic
stp,1991,lic
stp,1992,lic
stp,1993,lic
stp,1994,lic
stp,1995,lic
stp,1996,lic
stp,1997,lic
stp,1998,lic
stp,1999,lic
stp,2000,lic
stp,2001,lic
stp,2002,lic
stp,2003,lic
stp,2004,lic
stp,2005,lic
stp,2006,lic
stp,2007,lic
stp,2008,lmc
stp,2009,lmc
stp,2010,lmc
stp,2011,lmc
stp,2012,lmc
stp,2013,lmc
stp,2014,lmc
stp,2015,lmc
stp,2016,lmc
stp,2017,lmc
stp,2018,lmc
stp,2019,lmc
sun,1987,umc
sun,1988,umc
sun,1989,umc
sun,1990,umc
sur,1987,umc
sur,1988,umc
sur,1989,umc
sur,1990,umc
sur,1991,umc
sur,1992,umc
sur,1993,lmc
sur,1994,lmc
sur,1995,lmc
sur,1996,lmc
sur,1997,lmc
sur,1998,lmc
sur,1999,lmc
sur,2000,lmc
sur,2001,lmc
sur,2002,lmc
sur,2003,lmc
sur,2004,lmc
sur,2005,lmc
sur,2006,lmc
sur,2007,umc
sur,2008,umc
sur,2009,umc
sur,2010,umc
sur,2011,umc
sur,2012,umc
sur,2013,umc
sur,2014,umc
sur,2015,umc
sur,2016,umc
sur,2017,umc
sur,2018,umc
sur,2019,umc
svk,1987,lmc
svk,1988,lmc
svk,1989,lmc
svk,1990,lmc
svk,1991,lmc
svk,1992,lmc
svk,1993,lmc
svk,1994,lmc
svk,1995,lmc
svk,1996,umc
svk,1997,umc
svk,1998,umc
svk,1999,umc
svk,2000,umc
svk,2001,umc
svk,2002,umc
svk,2003,umc
svk,2004,umc
svk,2005,umc
svk,2006,umc
svk,2007,hic
svk,2008,hic
svk,2009,hic
svk,2010,hic
svk,2011,hic
svk,2012,hic
svk,2013,hic
svk,2014,hic
svk,2015,hic
svk,2016,hic
svk,2017,hic
svk,2018,hic
svk,2019,hic
svn,1987,umc
svn,1988,umc
svn,1989,umc
svn,1990,umc
svn,1991,umc
svn,1992,umc
svn,1993,umc
svn,1994,umc
svn,1995,umc
svn,1996,umc
svn,1997,hic
svn,1998,hic
svn,1999,hic
svn,2000,hic
svn,2001,hic
svn,2002,hic
svn,2003,hic
svn,2004,hic
svn,2005,hic
svn,2006,hic
svn,2007,hic
svn,2008,hic
svn,2009,hic
svn,2010,hic
svn,2011,hic
svn,2012,hic
svn,2013,hic
svn,2014,hic
svn,2015,hic
svn,2016,hic
svn,2017,hic
svn,2018,hic
svn,2019,hic
swe,1987,hic
swe,1988,hic
swe,1989,hic
swe,1990,hic
swe,1991,hic
swe,1992,hic
swe,1993,hic
swe,1994,hic
swe,1995,hic
swe,1996,hic
swe,1997,hic
swe,1998,hic
swe,1999,hic
swe,2000,hic
swe,2001,hic
swe,2002,hic
swe,2003,hic
swe,2004,hic
swe,2005,hic
swe,2006,hic
swe,2007,hic
swe,2008,hic
swe,2009,hic
swe,2010,hic
swe,2011,hic
swe,2012,hic
swe,2013,hic
swe,2014,hic
swe,2015,hic
swe,2016,hic
swe,2017,hic
swe,2018,hic
swe,2019,hic
swz,1987,lmc
swz,1988,lmc
swz,1989,lmc
swz,1990,lmc
swz,1991,lmc
swz,1992,lmc
swz,1993,lmc
swz,1994,lmc
swz,1995,lmc
swz,1996,lmc
swz,1997,lmc
swz,1998,lmc
swz,1999,lmc
swz,2000,lmc
swz,2001,lmc
swz,2002,lmc
swz,2003,lmc
swz,2004,lmc
swz,2005,lmc
swz,2006,lmc
swz,2007,lmc
swz,2008,lmc
swz,2009,lmc
swz,2010,lmc
swz,2011,lmc
swz,2012,lmc
swz,2013,lmc
swz,2014,lmc
swz,2015,lmc
swz,2016,lmc
swz,2017,lmc
swz,2018,lmc
swz,2019,lmc
sxm,1987,hic
sxm,1988,hic
sxm,1989,hic
sxm,1990,hic
sxm,1991,hic
sxm,1992,hic
sxm,1993,hic
sxm,1994,hic
sxm,1995,hic
sxm,1996,hic
sxm,1997,hic
sxm,1998,hic
sxm,1999,hic
sxm,2000,hic
sxm,2001,hic
sxm,2002,hic
sxm,2003,hic
sxm,2004,hic
sxm,2005,hic
sxm,2006,hic
sxm,2007,hic
sxm,2008,hic
sxm,2009,hic
sxm,2010,hic
sxm,2011,hic
sxm,2012,hic
sxm,2013,hic
sxm,2014,hic
sxm,2015,hic
sxm,2016,hic
sxm,2017,hic
sxm,2018,hic
sxm,2019,hic
syc,1987,umc
syc,1988,umc
syc,1989,umc
syc,1990,umc
syc,1991,umc
syc,1992,umc
syc,1993,umc
syc,1994,umc
syc,1995,umc
syc,1996,umc
syc,1997,umc
syc,1998,umc
syc,1999,umc
syc,2000,umc
syc,2001,umc
syc,2002,umc
syc,2003,umc
syc,2004,umc
syc,2005,umc
syc,2006,umc
syc,2007,umc
syc,2008,umc
syc,2009,umc
syc,2010,umc
syc,2011,umc
syc,2012,umc
syc,2013,umc
syc,2014,hic
syc,2015,hic
syc,2016,hic
syc,2017,hic
syc,2018,hic
syc,2019,hic
syr,1987,lmc
syr,1988,lmc
syr,1989,lmc
syr,1990,lmc
syr,1991,lmc
syr,1992,lmc
syr,1993,lmc
syr,1994,lmc
syr,1995,lmc
syr,1996,lmc
syr,1997,lmc
syr,1998,lmc
syr,1999,lmc
syr,2000,lmc
syr,2001,lmc
syr,2002,lmc
syr,2003,lmc
syr,2004,lmc
syr,2005,lmc
syr,2006,lmc
syr,2007,lmc
syr,2008,lmc
syr,2009,lmc
syr,2010,lmc
syr,2011,lmc
syr,2012,lmc
syr,2013,lmc
syr,2014,lmc
syr,2015,lmc
syr,2016,lmc
syr,2017,lic
syr,2018,lic
syr,2019,lic
tca,1987,hic
tca,1988,hic
tca,1989,hic
tca,1990,hic
tca,1991,hic
tca,1992,hic
tca,1993,hic
tca,1994,hic
tca,1995,hic
tca,1996,hic
tca,1997,hic
tca,1998,hic
tca,1999,hic
tca,2000,hic
tca,2001,hic
tca,2002,hic
tca,2003,hic
tca,2004,hic
tca,2005,hic
tca,2006,hic
tca,2007,hic
tca,2008,hic
tca,2009,hic
tca,2010,hic
tca,2011,hic
tca,2012,hic
tca,2013,hic
tca,2014,hic
tca,2015,hic
tca,2016,hic
tca,2017,hic
tca,2018,hic
tca,2019,hic
tcd,1987,lic
tcd,1988,lic
tcd,1989,lic
tcd,1990,lic
tcd,1991,lic
tcd,1992,lic
tcd,1993,lic
tcd,1994,lic
tcd,1995,lic
tcd,1996,lic
tcd,1997,lic
tcd,1998,lic
tcd,1999,lic
tcd,2000,lic
tcd,2001,lic
tcd,2002,lic
tcd,2003,lic
tcd,2004,lic
tcd,2005,lic
tcd,2006,lic
tcd,2007,lic
tcd,2008,lic
tcd,2009,lic
tcd,2010,lic
tcd,2011,lic
tcd,2012,lic
tcd,2013,lic
tcd,2014,lic
tcd,2015,lic
tcd,2016,lic
tcd,2017,lic
tcd,2018,lic
tcd,2019,lic
tgo,1987,lic
tgo,1988,lic
tgo,1989,lic
tgo,1990,lic
tgo,1991,lic
tgo,1992,lic
tgo,1993,lic
tgo,1994,lic
tgo,1995,lic
tgo,1996,lic
tgo,1997,lic
tgo,1998,lic
tgo,1999,lic
tgo,2000,lic
tgo,2001,lic
tgo,2002,lic
tgo,2003,lic
tgo,2004,lic
tgo,2005,lic
tgo,2006,lic
tgo,2007,lic
tgo,2008,lic
tgo,2009,lic
tgo,2010,lic
tgo,2011,lic
tgo,2012,lic
tgo,2013,lic
tgo,2014,lic
tgo,2015,lic
tgo,2016,lic
tgo,2017,lic
tgo,2018,lic
tgo,2019,lic
tha,1987,lmc
tha,1988,lmc
tha,1989,lmc
tha,1990,lmc
tha,1991,lmc
tha,1992,lmc
tha,1993,lmc
tha,1994,lmc
tha,1995,lmc
tha,1996,lmc
tha,1997,lmc
tha,1998,lmc
tha,1999,lmc
tha,2000,lmc
tha,2001,lmc
tha,2002,lmc
tha,2003,lmc
tha,2004,lmc
tha,2005,lmc
tha,2006,lmc
tha,2007,lmc
tha,2008,lmc
tha,2009,lmc
tha,2010,umc
tha,2011,umc
tha,2012,umc
tha,2013,umc
tha,2014,umc
tha,2015,umc
tha,2016,umc
tha,2017,umc
tha,2018,umc
tha,2019,umc
tjk,1987,lmc
tjk,1988,lmc
tjk,1989,lmc
tjk,1990,lmc
tjk,1991,lmc
tjk,1992,lic
tjk,1993,lic
tjk,1994,lic
tjk,1995,lic
tjk,1996,lic
tjk,1997,lic
tjk,1998,lic
tjk,1999,lic
tjk,2000,lic
tjk,2001,lic
tjk,2002,lic
tjk,2003,lic
tjk,2004,lic
tjk,2005,lic
tjk,2006,lic
tjk,2007,lic
tjk,2008,lic
tjk,2009,lic
tjk,2010,lic
tjk,2011,lic
tjk,2012,lic
tjk,2013,lic
tjk,2014,lmc
tjk,2015,lmc
tjk,2016,lmc
tjk,2017,lic
tjk,2018,lic
tjk,2019,lic
tkm,1987,lmc
tkm,1988,lmc
tkm,1989,lmc
tkm,1990,lmc
tkm,1991,lmc
tkm,1992,lmc
tkm,1993,lmc
tkm,1994,lmc
tkm,1995,lmc
tkm,1996,lmc
tkm,1997,lic
tkm,1998,lic
tkm,1999,lic
tkm,2000,lmc
tkm,2001,lmc
tkm,2002,lmc
tkm,2003,lmc
tkm,2004,lmc
tkm,2005,lmc
tkm,2006,lmc
tkm,2007,lmc
tkm,2008,lmc
tkm,2009,lmc
tkm,2010,lmc
tkm,2011,umc
tkm,2012,umc
tkm,2013,umc
tkm,2014,umc
tkm,2015,umc
tkm,2016,umc
tkm,2017,umc
tkm,2018,umc
tkm,2019,umc
tls,1987,lic
tls,1988,lic
tls,1989,lic
tls,1990,lic
tls,1991,lic
tls,1992,lic
tls,1993,lic
tls,1994,lic
tls,1995,lic
tls,1996,lic
tls,1997,lic
tls,1998,lic
tls,1999,lic
tls,2000,lic
tls,2001,lic
tls,2002,lic
tls,2003,lic
tls,2004,lic
tls,2005,lic
tls,2006,lic
tls,2007,lmc
tls,2008,lmc
tls,2009,lmc
tls,2010,lmc
tls,2011,lmc
tls,2012,lmc
tls,2013,lmc
tls,2014,lmc
tls,2015,lmc
tls,2016,lmc
tls,2017,lmc
tls,2018,lmc
tls,2019,lmc
ton,1987,lmc
ton,1988,lmc
ton,1989,lmc
ton,1990,lmc
ton,1991,lmc
ton,1992,lmc
ton,1993,lmc
ton,1994,lmc
ton,1995,lmc
ton,1996,lmc
ton,1997,lmc
ton,1998,lmc
ton,1999,lmc
ton,2000,lmc
ton,2001,lmc
ton,2002,lmc
ton,2003,lmc
ton,2004,lmc
ton,2005,lmc
ton,2006,lmc
ton,2007,lmc
ton,2008,lmc
ton,2009,lmc
ton,2010,lmc
ton,2011,lmc
ton,2012,umc
ton,2013,umc
ton,2014,umc
ton,2015,lmc
ton,2016,umc
ton,2017,umc
ton,2018,umc
ton,2019,umc
tto,1987,umc
tto,1988,umc
tto,1989,umc
tto,1990,umc
tto,1991,umc
tto,1992,umc
tto,1993,umc
tto,1994,umc
tto,1995,umc
tto,1996,umc
tto,1997,umc
tto,1998,umc
tto,1999,umc
tto,2000,umc
tto,2001,umc
tto,2002,umc
tto,2003,umc
tto,2004,umc
tto,2005,umc
tto,2006,hic
tto,2007,hic
tto,2008,hic
tto,2009,hic
tto,2010,hic
tto,2011,hic
tto,2012,hic
tto,2013,hic
tto,2014,hic
tto,2015,hic
tto,2016,hic
tto,2017,hic
tto,2018,hic
tto,2019,hic
tun,1987,lmc
tun,1988,lmc
tun,1989,lmc
tun,1990,lmc
tun,1991,lmc
tun,1992,lmc
tun,1993,lmc
tun,1994,lmc
tun,1995,lmc
tun,1996,lmc
tun,1997,lmc
tun,1998,lmc
tun,1999,lmc
tun,2000,lmc
tun,2001,lmc
tun,2002,lmc
tun,2003,lmc
tun,2004,lmc
tun,2005,lmc
tun,2006,lmc
tun,2007,lmc
tun,2008,lmc
tun,2009,lmc
tun,2010,umc
tun,2011,umc
tun,2012,umc
tun,2013,umc
tun,2014,umc
tun,2015,lmc
tun,2016,lmc
tun,2017,lmc
tun,2018,lmc
tun,2019,lmc
tur,1987,lmc
tur,1988,lmc
tur,1989,lmc
tur,1990,lmc
tur,1991,lmc
tur,1992,lmc
tur,1993,lmc
tur,1994,lmc
tur,1995,lmc
tur,1996,lmc
tur,1997,umc
tur,1998,umc
tur,1999,lmc
tur,2000,umc
tur,2001,lmc
tur,2002,lmc
tur,2003,lmc
tur,2004,umc
tur,2005,umc
tur,2006,umc
tur,2007,umc
tur,2008,umc
tur,2009,umc
tur,2010,umc
tur,2011,umc
tur,2012,umc
tur,2013,umc
tur,2014,umc
tur,2015,umc
tur,2016,umc
tur,2017,umc
tur,2018,umc
tur,2019,umc
tuv,1987,lmc
tuv,1988,lmc
tuv,1989,lmc
tuv,1990,lmc
tuv,1991,lmc
tuv,1992,lmc
tuv,1993,lmc
tuv,1994,lmc
tuv,1995,lmc
tuv,1996,lmc
tuv,1997,lmc
tuv,1998,lmc
tuv,1999,lmc
tuv,2000,lmc
tuv,2001,lmc
tuv,2002,lmc
tuv,2003,lmc
tuv,2004,lmc
tuv,2005,lmc
tuv,2006,lmc
tuv,2007,lmc
tuv,2008,lmc
tuv,2009,lmc
tuv,2010,lmc
tuv,2011,umc
tuv,2012,umc
tuv,2013,umc
tuv,2014,umc
tuv,2015,umc
tuv,2016,umc
tuv,2017,umc
tuv,2018,umc
tuv,2019,umc
twn,1987,hic
twn,1988,hic
twn,1989,hic
twn,1990,hic
twn,1991,hic
twn,1992,hic
twn,1993,hic
twn,1994,hic
twn,1995,hic
twn,1996,hic
twn,1997,hic
twn,1998,hic
twn,1999,hic
twn,2000,hic
twn,2001,hic
twn,2002,hic
twn,2003,hic
twn,2004,hic
twn,2005,hic
twn,2006,hic
twn,2007,hic
twn,2008,hic
twn,2009,hic
twn,2010,hic
twn,2011,hic
twn,2012,hic
twn,2013,hic
twn,2014,hic
twn,2015,hic
twn,2016,hic
twn,2017,hic
twn,2018,hic
twn,2019,hic
tza,1987,lic
tza,1988,lic
tza,1989,lic
tza,1990,lic
tza,1991,lic
tza,1992,lic
tza,1993,lic
tza,1994,lic
tza,1995,lic
tza,1996,lic
tza,1997,lic
tza,1998,lic
tza,1999,lic
tza,2000,lic
tza,2001,lic
tza,2002,lic
tza,2003,lic
tza,2004,lic
tza,2005,lic
tza,2006,lic
tza,2007,lic
tza,2008,lic
tza,2009,lic
tza,2010,lic
tza,2011,lic
tza,2012,lic
tza,2013,lic
tza,2014,lic
tza,2015,lic
tza,2016,lic
tza,2017,lic
tza,2018,lic
tza,2019,lmc
uga,1987,lic
uga,1988,lic
uga,1989,lic
uga,1990,lic
uga,1991,lic
uga,1992,lic
uga,1993,lic
uga,1994,lic
uga,1995,lic
uga,1996,lic
uga,1997,lic
uga,1998,lic
uga,1999,lic
uga,2000,lic
uga,2001,lic
uga,2002,lic
uga,2003,lic
uga,2004,lic
uga,2005,lic
uga,2006,lic
uga,2007,lic
uga,2008,lic
uga,2009,lic
uga,2010,lic
uga,2011,lic
uga,2012,lic
uga,2013,lic
uga,2014,lic
uga,2015,lic
uga,2016,lic
uga,2017,lic
uga,2018,lic
uga,2019,lic
ukr,1987,lmc
ukr,1988,lmc
ukr,1989,lmc
ukr,1990,lmc
ukr,1991,lmc
ukr,1992,lmc
ukr,1993,lmc
ukr,1994,lmc
ukr,1995,lmc
ukr,1996,lmc
ukr,1997,lmc
ukr,1998,lmc
ukr,1999,lic
ukr,2000,lic
ukr,2001,lic
ukr,2002,lmc
ukr,2003,lmc
ukr,2004,lmc
ukr,2005,lmc
ukr,2006,lmc
ukr,2007,lmc
ukr,2008,lmc
ukr,2009,lmc
ukr,2010,lmc
ukr,2011,lmc
ukr,2012,lmc
ukr,2013,lmc
ukr,2014,lmc
ukr,2015,lmc
ukr,2016,lmc
ukr,2017,lmc
ukr,2018,lmc
ukr,2019,lmc
ury,1987,umc
ury,1988,umc
ury,1989,umc
ury,1990,umc
ury,1991,umc
ury,1992,umc
ury,1993,umc
ury,1994,umc
ury,1995,umc
ury,1996,umc
ury,1997,umc
ury,1998,umc
ury,1999,umc
ury,2000,umc
ury,2001,umc
ury,2002,umc
ury,2003,umc
ury,2004,umc
ury,2005,umc
ury,2006,umc
ury,2007,umc
ury,2008,umc
ury,2009,umc
ury,2010,umc
ury,2011,umc
ury,2012,hic
ury,2013,hic
ury,2014,hic
ury,2015,hic
ury,2016,hic
ury,2017,hic
ury,2018,hic
ury,2019,hic
usa,1987,hic
usa,1988,hic
usa,1989,hic
usa,1990,hic
usa,1991,hic
usa,1992,hic
usa,1993,hic
usa,1994,hic
usa,1995,hic
usa,1996,hic
usa,1997,hic
usa,1998,hic
usa,1999,hic
usa,2000,hic
usa,2001,hic
usa,2002,hic
usa,2003,hic
usa,2004,hic
usa,2005,hic
usa,2006,hic
usa,2007,hic
usa,2008,hic
usa,2009,hic
usa,2010,hic
usa,2011,hic
usa,2012,hic
usa,2013,hic
usa,2014,hic
usa,2015,hic
usa,2016,hic
usa,2017,hic
usa,2018,hic
usa,2019,hic
uzb,1987,lmc
uzb,1988,lmc
uzb,1989,lmc
uzb,1990,lmc
uzb,1991,lmc
uzb,1992,lmc
uzb,1993,lmc
uzb,1994,lmc
uzb,1995,lmc
uzb,1996,lmc
uzb,1997,lmc
uzb,1998,lmc
uzb,1999,lic
uzb,2000,lic
uzb,2001,lic
uzb,2002,lic
uzb,2003,lic
uzb,2004,lic
uzb,2005,lic
uzb,2006,lic
uzb,2007,lic
uzb,2008,lic
uzb,2009,lmc
uzb,2010,lmc
uzb,2011,lmc
uzb,2012,lmc
uzb,2013,lmc
uzb,2014,lmc
uzb,2015,lmc
uzb,2016,lmc
uzb,2017,lmc
uzb,2018,lmc
uzb,2019,lmc
vct,1987,lmc
vct,1988,lmc
vct,1989,lmc
vct,1990,lmc
vct,1991,lmc
vct,1992,lmc
vct,1993,lmc
vct,1994,lmc
vct,1995,lmc
vct,1996,lmc
vct,1997,lmc
vct,1998,lmc
vct,1999,lmc
vct,2000,lmc
vct,2001,lmc
vct,2002,lmc
vct,2003,umc
vct,2004,umc
vct,2005,umc
vct,2006,umc
vct,2007,umc
vct,2008,umc
vct,2009,umc
vct,2010,umc
vct,2011,umc
vct,2012,umc
vct,2013,umc
vct,2014,umc
vct,2015,umc
vct,2016,umc
vct,2017,umc
vct,2018,umc
vct,2019,umc
ven,1987,umc
ven,1988,umc
ven,1989,umc
ven,1990,umc
ven,1991,umc
ven,1992,umc
ven,1993,umc
ven,1994,lmc
ven,1995,lmc
ven,1996,lmc
ven,1997,umc
ven,1998,umc
ven,1999,umc
ven,2000,umc
ven,2001,umc
ven,2002,umc
ven,2003,umc
ven,2004,umc
ven,2005,umc
ven,2006,umc
ven,2007,umc
ven,2008,umc
ven,2009,umc
ven,2010,umc
ven,2011,umc
ven,2012,umc
ven,2013,umc
ven,2014,hic
ven,2015,umc
ven,2016,umc
ven,2017,umc
ven,2018,umc
ven,2019,umc
vgb,1987,hic
vgb,1988,hic
vgb,1989,hic
vgb,1990,hic
vgb,1991,hic
vgb,1992,hic
vgb,1993,hic
vgb,1994,hic
vgb,1995,hic
vgb,1996,hic
vgb,1997,hic
vgb,1998,hic
vgb,1999,hic
vgb,2000,hic
vgb,2001,hic
vgb,2002,hic
vgb,2003,hic
vgb,2004,hic
vgb,2005,hic
vgb,2006,hic
vgb,2007,hic
vgb,2008,hic
vgb,2009,hic
vgb,2010,hic
vgb,2011,hic
vgb,2012,hic
vgb,2013,hic
vgb,2014,hic
vgb,2015,hic
vgb,2016,hic
vgb,2017,hic
vgb,2018,hic
vgb,2019,hic
vir,1987,hic
vir,1988,hic
vir,1989,hic
vir,1990,hic
vir,1991,hic
vir,1992,hic
vir,1993,hic
vir,1994,hic
vir,1995,hic
vir,1996,hic
vir,1997,hic
vir,1998,hic
vir,1999,hic
vir,2000,hic
vir,2001,hic
vir,2002,hic
vir,2003,hic
vir,2004,hic
vir,2005,hic
vir,2006,hic
vir,2007,hic
vir,2008,hic
vir,2009,hic
vir,2010,hic
vir,2011,hic
vir,2012,hic
vir,2013,hic
vir,2014,hic
vir,2015,hic
vir,2016,hic
vir,2017,hic
vir,2018,hic
vir,2019,hic
vnm,1987,lic
vnm,1988,lic
vnm,1989,lic
vnm,1990,lic
vnm,1991,lic
vnm,1992,lic
vnm,1993,lic
vnm,1994,lic
vnm,1995,lic
vnm,1996,lic
vnm,1997,lic
vnm,1998,lic
vnm,1999,lic
vnm,2000,lic
vnm,2001,lic
vnm,2002,lic
vnm,2003,lic
vnm,2004,lic
vnm,2005,lic
vnm,2006,lic
vnm,2007,lic
vnm,2008,lic
vnm,2009,lmc
vnm,2010,lmc
vnm,2011,lmc
vnm,2012,lmc
vnm,2013,lmc
vnm,2014,lmc
vnm,2015,lmc
vnm,2016,lmc
vnm,2017,lmc
vnm,2018,lmc
vnm,2019,lmc
vut,1987,lmc
vut,1988,lmc
vut,1989,lmc
vut,1990,lmc
vut,1991,lmc
vut,1992,lmc
vut,1993,lmc
vut,1994,lmc
vut,1995,lmc
vut,1996,lmc
vut,1997,lmc
vut,1998,lmc
vut,1999,lmc
vut,2000,lmc
vut,2001,lmc
vut,2002,lmc
vut,2003,lmc
vut,2004,lmc
vut,2005,lmc
vut,2006,lmc
vut,2007,lmc
vut,2008,lmc
vut,2009,lmc
vut,2010,lmc
vut,2011,lmc
vut,2012,lmc
vut,2013,lmc
vut,2014,lmc
vut,2015,lmc
vut,2016,lmc
vut,2017,lmc
vut,2018,lmc
vut,2019,lmc
wsm,1987,lmc
wsm,1988,lmc
wsm,1989,lmc
wsm,1990,lmc
wsm,1991,lmc
wsm,1992,lmc
wsm,1993,lmc
wsm,1994,lmc
wsm,1995,lmc
wsm,1996,lmc
wsm,1997,lmc
wsm,1998,lmc
wsm,1999,lmc
wsm,2000,lmc
wsm,2001,lmc
wsm,2002,lmc
wsm,2003,lmc
wsm,2004,lmc
wsm,2005,lmc
wsm,2006,lmc
wsm,2007,lmc
wsm,2008,lmc
wsm,2009,lmc
wsm,2010,lmc
wsm,2011,lmc
wsm,2012,lmc
wsm,2013,lmc
wsm,2014,lmc
wsm,2015,lmc
wsm,2016,umc
wsm,2017,umc
wsm,2018,umc
wsm,2019,umc
xkx,1987,lmc
xkx,1988,lmc
xkx,1989,lmc
xkx,1990,lmc
xkx,1991,lmc
xkx,1992,lmc
xkx,1993,lmc
xkx,1994,lmc
xkx,1995,lmc
xkx,1996,lmc
xkx,1997,lmc
xkx,1998,lmc
xkx,1999,lmc
xkx,2000,lmc
xkx,2001,lmc
xkx,2002,lmc
xkx,2003,lmc
xkx,2004,lmc
xkx,2005,lmc
xkx,2006,lmc
xkx,2007,lmc
xkx,2008,lmc
xkx,2009,lmc
xkx,2010,lmc
xkx,2011,lmc
xkx,2012,lmc
xkx,2013,lmc
xkx,2014,lmc
xkx,2015,lmc
xkx,2016,lmc
xkx,2017,lmc
xkx,2018,umc
xkx,2019,umc
yem,1987,lmc
yem,1988,lmc
yem,1989,lmc
yem,1990,lmc
yem,1991,lic
yem,1992,lic
yem,1993,lic
yem,1994,lic
yem,1995,lic
yem,1996,lic
yem,1997,lic
yem,1998,lic
yem,1999,lic
yem,2000,lic
yem,2001,lic
yem,2002,lic
yem,2003,lic
yem,2004,lic
yem,2005,lic
yem,2006,lic
yem,2007,lic
yem,2008,lic
yem,2009,lmc
yem,2010,lmc
yem,2011,lmc
yem,2012,lmc
yem,2013,lmc
yem,2014,lmc
yem,2015,lmc
yem,2016,lmc
yem,2017,lic
yem,2018,lic
yem,2019,lic
yug,1987,lmc
yug,1988,lmc
yug,1989,lmc
yug,1990,lmc
yug,1991,lmc
yug,1992,lmc
yug,1993,lmc
yug,1994,lmc
yug,1995,lmc
yug,1996,lmc
yug,1997,lmc
yug,1998,lmc
yug,1999,lmc
yug,2000,lmc
yug,2001,lmc
yug,2002,lmc
yug,2003,lmc
yug,2004,lmc
yug,2005,lmc
yugf,1987,umc
yugf,1988,umc
yugf,1989,umc
yugf,1990,umc
yugf,1991,umc
zaf,1987,lmc
zaf,1988,umc
zaf,1989,umc
zaf,1990,umc
zaf,1991,umc
zaf,1992,umc
zaf,1993,umc
zaf,1994,umc
zaf,1995,umc
zaf,1996,umc
zaf,1997,umc
zaf,1998,lmc
zaf,1999,umc
zaf,2000,umc
zaf,2001,lmc
zaf,2002,lmc
zaf,2003,lmc
zaf,2004,umc
zaf,2005,umc
zaf,2006,umc
zaf,2007,umc
zaf,2008,umc
zaf,2009,umc
zaf,2010,umc
zaf,2011,umc
zaf,2012,umc
zaf,2013,umc
zaf,2014,umc
zaf,2015,umc
zaf,2016,umc
zaf,2017,umc
zaf,2018,umc
zaf,2019,umc
zmb,1987,lic
zmb,1988,lic
zmb,1989,lic
zmb,1990,lic
zmb,1991,lic
zmb,1992,lic
zmb,1993,lic
zmb,1994,lic
zmb,1995,lic
zmb,1996,lic
zmb,1997,lic
zmb,1998,lic
zmb,1999,lic
zmb,2000,lic
zmb,2001,lic
zmb,2002,lic
zmb,2003,lic
zmb,2004,lic
zmb,2005,lic
zmb,2006,lic
zmb,2007,lic
zmb,2008,lic
zmb,2009,lic
zmb,2010,lmc
zmb,2011,lmc
zmb,2012,lmc
zmb,2013,lmc
zmb,2014,lmc
zmb,2015,lmc
zmb,2016,lmc
zmb,2017,lmc
zmb,2018,lmc
zmb,2019,lmc
zwe,1987,lmc
zwe,1988,lmc
zwe,1989,lmc
zwe,1990,lmc
zwe,1991,lic
zwe,1992,lic
zwe,1993,lic
zwe,1994,lic
zwe,1995,lic
zwe,1996,lic
zwe,1997,lic
zwe,1998,lic
zwe,1999,lic
zwe,2000,lic
zwe,2001,lic
zwe,2002,lic
zwe,2003,lic
zwe,2004,lic
zwe,2005,lic
zwe,2006,lic
zwe,2007,lic
zwe,2008,lic
zwe,2009,lic
zwe,2010,lic
zwe,2011,lic
zwe,2012,lic
zwe,2013,lic
zwe,2014,lic
zwe,2015,lic
zwe,2016,lic
zwe,2017,lic
zwe,2018,lmc
zwe,2019,lmc
